[
    {
        "_id": "BJVbCyn78Qv",
        "_deleted": false,
        "_createdAt": "2020-08-28T07:01:57.543Z",
        "_modifiedAt": "2020-08-28T07:01:57.543Z",
        "_lv": 0,
        "deploymentVersion": 1,
        "enabled": false,
        "backendId": "Bysk2QU7w",
        "modelId": "AccessKey",
        "event": "function afterDelete (event){\n /* Add Your Logic Here\t\n\t//apis.utility.logger.debug();\n\t*/\n}",
        "eventName": "afterDelete",
        "_v": 1
    },
    {
        "_id": "S11gAkhmIQw",
        "_deleted": false,
        "_createdAt": "2020-08-28T07:01:57.536Z",
        "_modifiedAt": "2020-08-28T07:01:57.536Z",
        "_lv": 0,
        "deploymentVersion": 1,
        "enabled": false,
        "backendId": "Bysk2QU7w",
        "modelId": "AccessKey",
        "event": "function afterRead (event){\n /* Add Your Logic Here\t\n\t//apis.utility.logger.debug();\n\t*/\n}",
        "eventName": "afterRead",
        "_v": 1
    },
    {
        "_id": "By8eCJ2Q87P",
        "_deleted": false,
        "_createdAt": "2020-08-28T07:01:57.539Z",
        "_modifiedAt": "2020-08-28T07:01:57.539Z",
        "_lv": 0,
        "deploymentVersion": 1,
        "enabled": false,
        "backendId": "Bysk2QU7w",
        "modelId": "AccessKey",
        "event": "function afterSave (event){\n /* Add Your Logic Here\t\n\t//apis.utility.logger.debug();\n\t*/\n}",
        "eventName": "afterSave",
        "_v": 1
    },
    {
        "_id": "HyTxRJn7LXD",
        "_deleted": false,
        "_createdAt": "2020-08-28T07:01:57.541Z",
        "_modifiedAt": "2020-08-28T07:01:57.541Z",
        "_lv": 0,
        "deploymentVersion": 1,
        "enabled": false,
        "backendId": "Bysk2QU7w",
        "modelId": "AccessKey",
        "event": "function beforeDelete (event){\n /* Add Your Logic Here\t\n\t//apis.utility.logger.debug();\n\t*/\n}",
        "eventName": "beforeDelete",
        "_v": 1
    },
    {
        "_id": "H1PA13QI7P",
        "_deleted": false,
        "_createdAt": "2020-08-28T07:01:57.532Z",
        "_modifiedAt": "2020-08-28T07:01:57.532Z",
        "_lv": 0,
        "deploymentVersion": 1,
        "enabled": false,
        "backendId": "Bysk2QU7w",
        "modelId": "AccessKey",
        "event": "function beforeRead (event){\n /* Add Your Logic Here\t\n\t//apis.utility.logger.debug();\n\t*/\n}",
        "eventName": "beforeRead",
        "_v": 1
    },
    {
        "_id": "ByRR1378Qw",
        "_deleted": false,
        "_createdAt": "2020-08-28T07:01:57.535Z",
        "_modifiedAt": "2020-08-28T07:01:57.535Z",
        "_lv": 0,
        "deploymentVersion": 1,
        "enabled": false,
        "backendId": "Bysk2QU7w",
        "modelId": "AccessKey",
        "event": "function beforeSave (event){\n /* Add Your Logic Here\t\n\t//apis.utility.logger.debug();\n\t*/\n}",
        "eventName": "beforeSave",
        "_v": 1
    },
    {
        "_id": "S1Jxay2QU7v",
        "_deleted": false,
        "_createdAt": "2020-08-28T07:01:57.503Z",
        "_modifiedAt": "2020-08-28T07:01:57.503Z",
        "_lv": 0,
        "deploymentVersion": 1,
        "enabled": false,
        "backendId": "Bysk2QU7w",
        "modelId": "Attachment",
        "event": "function afterDelete (event){\n /* Add Your Logic Here\t\n\t//apis.utility.logger.debug();\n\t*/\n}",
        "eventName": "afterDelete",
        "_v": 1
    },
    {
        "_id": "Sk3a1h7IQD",
        "_deleted": false,
        "_createdAt": "2020-08-28T07:01:57.500Z",
        "_modifiedAt": "2020-08-28T07:01:57.500Z",
        "_lv": 0,
        "deploymentVersion": 1,
        "enabled": false,
        "backendId": "Bysk2QU7w",
        "modelId": "Attachment",
        "event": "function afterRead (event){\n /* Add Your Logic Here\t\n\t//apis.utility.logger.debug();\n\t*/\n}",
        "eventName": "afterRead",
        "_v": 1
    },
    {
        "_id": "SJFlaknmUQw",
        "_deleted": false,
        "_createdAt": "2020-08-28T07:01:57.508Z",
        "_modifiedAt": "2020-08-28T07:01:57.508Z",
        "_lv": 0,
        "deploymentVersion": 1,
        "enabled": false,
        "backendId": "Bysk2QU7w",
        "modelId": "Attachment",
        "event": "function afterSave (event){\n /* Add Your Logic Here\t\n\t//apis.utility.logger.debug();\n\t*/\n}",
        "eventName": "afterSave",
        "_v": 1
    },
    {
        "_id": "BJfgaJhQImP",
        "_deleted": false,
        "_createdAt": "2020-08-28T07:01:57.504Z",
        "_modifiedAt": "2020-08-28T07:01:57.504Z",
        "_lv": 0,
        "deploymentVersion": 1,
        "enabled": false,
        "backendId": "Bysk2QU7w",
        "modelId": "Attachment",
        "event": "function beforeDelete (event){\n /* Add Your Logic Here\t\n\t//apis.utility.logger.debug();\n\t*/\n}",
        "eventName": "beforeDelete",
        "_v": 1
    },
    {
        "_id": "BkLga1nQ8XD",
        "_deleted": false,
        "_createdAt": "2020-08-28T07:01:57.507Z",
        "_modifiedAt": "2020-08-28T07:01:57.507Z",
        "_lv": 0,
        "deploymentVersion": 1,
        "enabled": false,
        "backendId": "Bysk2QU7w",
        "modelId": "Attachment",
        "event": "function beforeRead (event){\n /* Add Your Logic Here\t\n\t//apis.utility.logger.debug();\n\t*/\n}",
        "eventName": "beforeRead",
        "_v": 1
    },
    {
        "_id": "SkoayhXLmD",
        "_deleted": false,
        "_createdAt": "2020-08-28T07:01:57.500Z",
        "_modifiedAt": "2020-08-28T07:01:57.500Z",
        "_lv": 0,
        "deploymentVersion": 1,
        "enabled": false,
        "backendId": "Bysk2QU7w",
        "modelId": "Attachment",
        "event": "function beforeSave (event){\n /* Add Your Logic Here\t\n\t//apis.utility.logger.debug();\n\t*/\n}",
        "eventName": "beforeSave",
        "_v": 1
    },
    {
        "_id": "H1MAy27LXv",
        "_deleted": false,
        "_createdAt": "2020-08-28T07:01:57.531Z",
        "_modifiedAt": "2020-08-28T07:01:57.531Z",
        "_lv": 0,
        "deploymentVersion": 1,
        "enabled": false,
        "backendId": "Bysk2QU7w",
        "modelId": "Connection",
        "event": "function afterDelete (event){\n /* Add Your Logic Here\t\n\t//apis.utility.logger.debug();\n\t*/\n}",
        "eventName": "afterDelete",
        "_v": 1
    },
    {
        "_id": "HyMl0knmLmv",
        "_deleted": false,
        "_createdAt": "2020-08-28T07:01:57.537Z",
        "_modifiedAt": "2020-08-28T07:01:57.537Z",
        "_lv": 0,
        "deploymentVersion": 1,
        "enabled": false,
        "backendId": "Bysk2QU7w",
        "modelId": "Connection",
        "event": "function afterRead (event){\n /* Add Your Logic Here\t\n\t//apis.utility.logger.debug();\n\t*/\n}",
        "eventName": "afterRead",
        "_v": 1
    },
    {
        "_id": "HJde012XLXD",
        "_deleted": false,
        "_createdAt": "2020-08-28T07:01:57.539Z",
        "_modifiedAt": "2020-08-28T07:01:57.539Z",
        "_lv": 0,
        "deploymentVersion": 1,
        "enabled": false,
        "backendId": "Bysk2QU7w",
        "modelId": "Connection",
        "event": "function afterSave (event){\n /* Add Your Logic Here\t\n\t//apis.utility.logger.debug();\n\t*/\n}",
        "eventName": "afterSave",
        "_v": 1
    },
    {
        "_id": "H1yW0Jhm8Qv",
        "_deleted": false,
        "_createdAt": "2020-08-28T07:01:57.542Z",
        "_modifiedAt": "2020-08-28T07:01:57.542Z",
        "_lv": 0,
        "deploymentVersion": 1,
        "enabled": false,
        "backendId": "Bysk2QU7w",
        "modelId": "Connection",
        "event": "function beforeDelete (event){\n /* Add Your Logic Here\t\n\t//apis.utility.logger.debug();\n\t*/\n}",
        "eventName": "beforeDelete",
        "_v": 1
    },
    {
        "_id": "Bk5Ck2mL7P",
        "_deleted": false,
        "_createdAt": "2020-08-28T07:01:57.533Z",
        "_modifiedAt": "2020-08-28T07:01:57.533Z",
        "_lv": 0,
        "deploymentVersion": 1,
        "enabled": false,
        "backendId": "Bysk2QU7w",
        "modelId": "Connection",
        "event": "function beforeRead (event){\n /* Add Your Logic Here\t\n\t//apis.utility.logger.debug();\n\t*/\n}",
        "eventName": "beforeRead",
        "_v": 1
    },
    {
        "_id": "ryZlCJ378mP",
        "_deleted": false,
        "_createdAt": "2020-08-28T07:01:57.537Z",
        "_modifiedAt": "2020-08-28T07:01:57.537Z",
        "_lv": 0,
        "deploymentVersion": 1,
        "enabled": false,
        "backendId": "Bysk2QU7w",
        "modelId": "Connection",
        "event": "function beforeSave (event){\n /* Add Your Logic Here\t\n\t//apis.utility.logger.debug();\n\t*/\n}",
        "eventName": "beforeSave",
        "_v": 1
    },
    {
        "_id": "HJUz4PVL7D",
        "_deleted": false,
        "_createdAt": "2020-08-28T07:50:02.168Z",
        "_modifiedAt": "2020-08-28T07:50:02.168Z",
        "_lv": 0,
        "deploymentVersion": 2,
        "enabled": true,
        "backendId": "Bysk2QU7w",
        "modelId": "Employee",
        "event": "function afterDelete (event){\n /* Add Your Logic Here\t\n\t//apis.utility.logger.debug();\n\t*/\n\tdebugger;\n\tlogger.userEvent('==in afterDelete');\n}",
        "eventName": "afterDelete",
        "_v": 1
    },
    {
        "_id": "H1VfEvNUmP",
        "_deleted": false,
        "_createdAt": "2020-08-28T07:50:02.167Z",
        "_modifiedAt": "2020-08-28T07:50:02.167Z",
        "_lv": 0,
        "deploymentVersion": 2,
        "enabled": true,
        "backendId": "Bysk2QU7w",
        "modelId": "Employee",
        "event": "function afterRead (event){\n /* Add Your Logic Here\t\n\t//apis.utility.logger.debug();\n\t*/\n\tdebugger;\n\tlogger.userEvent('==in afterDelete');\n}",
        "eventName": "afterRead",
        "_v": 1
    },
    {
        "_id": "BJGf4PELXv",
        "_deleted": false,
        "_createdAt": "2020-08-28T07:50:02.162Z",
        "_modifiedAt": "2020-08-28T07:50:02.162Z",
        "_lv": 0,
        "deploymentVersion": 2,
        "enabled": true,
        "backendId": "Bysk2QU7w",
        "modelId": "Employee",
        "event": "function afterSave (event){\n /* Add Your Logic Here\t\n\t//apis.utility.logger.debug();\n\t*/\n\n\tdebugger;\n\tlogger.userEvent('==in afterSave');\n}",
        "eventName": "afterSave",
        "_v": 1
    },
    {
        "_id": "B1bMNP4Lmw",
        "_deleted": false,
        "_createdAt": "2020-08-28T07:50:02.158Z",
        "_modifiedAt": "2020-08-28T07:50:02.158Z",
        "_lv": 0,
        "deploymentVersion": 2,
        "enabled": true,
        "backendId": "Bysk2QU7w",
        "modelId": "Employee",
        "event": "function beforeDelete (event){\n /* Add Your Logic Here\t\n\t//apis.utility.logger.debug();\n\t*/\n\tdebugger;\n\tlogger.userEvent('==in beforeDelete');\n}",
        "eventName": "beforeDelete",
        "_v": 1
    },
    {
        "_id": "ryrz4DVU7w",
        "_deleted": false,
        "_createdAt": "2020-08-28T07:50:02.168Z",
        "_modifiedAt": "2020-08-28T07:50:02.168Z",
        "_lv": 0,
        "deploymentVersion": 2,
        "enabled": true,
        "backendId": "Bysk2QU7w",
        "modelId": "Employee",
        "event": "function beforeRead (event){\n /* Add Your Logic Here\t\n\t//apis.utility.logger.debug();\n\t*/\n\tdebugger;\n\tlogger.userEvent('==in beforeRead');\n}",
        "eventName": "beforeRead",
        "_v": 1
    },
    {
        "_id": "ByQf4PN8Qv",
        "_deleted": false,
        "_createdAt": "2020-08-28T07:50:02.163Z",
        "_modifiedAt": "2020-08-28T07:50:02.163Z",
        "_lv": 0,
        "deploymentVersion": 2,
        "enabled": false,
        "backendId": "Bysk2QU7w",
        "modelId": "Employee",
        "event": "function beforeSave (event){\n /* Add Your Logic Here\t\n\t//apis.utility.logger.debug();\n\t*/\n}",
        "eventName": "beforeSave",
        "_v": 2
    },
    {
        "_id": "BJCbRJ37L7P",
        "_deleted": false,
        "_createdAt": "2020-08-28T07:01:57.573Z",
        "_modifiedAt": "2020-08-28T07:01:57.573Z",
        "_lv": 0,
        "deploymentVersion": 1,
        "enabled": false,
        "backendId": "Bysk2QU7w",
        "modelId": "Organization",
        "event": "function afterDelete (event){\n /* Add Your Logic Here\t\n\t//apis.utility.logger.debug();\n\t*/\n}",
        "eventName": "afterDelete",
        "_v": 1
    },
    {
        "_id": "HJgz0J2QI7w",
        "_deleted": false,
        "_createdAt": "2020-08-28T07:01:57.575Z",
        "_modifiedAt": "2020-08-28T07:01:57.575Z",
        "_lv": 0,
        "deploymentVersion": 1,
        "enabled": false,
        "backendId": "Bysk2QU7w",
        "modelId": "Organization",
        "event": "function afterRead (event){\n /* Add Your Logic Here\t\n\t//apis.utility.logger.debug();\n\t*/\n}",
        "eventName": "afterRead",
        "_v": 1
    },
    {
        "_id": "BJ-f0y2X8Qw",
        "_deleted": false,
        "_createdAt": "2020-08-28T07:01:57.575Z",
        "_modifiedAt": "2020-08-28T07:01:57.575Z",
        "_lv": 0,
        "deploymentVersion": 1,
        "enabled": false,
        "backendId": "Bysk2QU7w",
        "modelId": "Organization",
        "event": "function afterSave (event){\n /* Add Your Logic Here\t\n\t//apis.utility.logger.debug();\n\t*/\n}",
        "eventName": "afterSave",
        "_v": 1
    },
    {
        "_id": "BkzG0JhQ8QP",
        "_deleted": false,
        "_createdAt": "2020-08-28T07:01:57.576Z",
        "_modifiedAt": "2020-08-28T07:01:57.576Z",
        "_lv": 0,
        "deploymentVersion": 1,
        "enabled": false,
        "backendId": "Bysk2QU7w",
        "modelId": "Organization",
        "event": "function beforeDelete (event){\n /* Add Your Logic Here\t\n\t//apis.utility.logger.debug();\n\t*/\n}",
        "eventName": "beforeDelete",
        "_v": 1
    },
    {
        "_id": "S1QzRk2X8XP",
        "_deleted": false,
        "_createdAt": "2020-08-28T07:01:57.576Z",
        "_modifiedAt": "2020-08-28T07:01:57.576Z",
        "_lv": 0,
        "deploymentVersion": 1,
        "enabled": false,
        "backendId": "Bysk2QU7w",
        "modelId": "Organization",
        "event": "function beforeRead (event){\n /* Add Your Logic Here\t\n\t//apis.utility.logger.debug();\n\t*/\n}",
        "eventName": "beforeRead",
        "_v": 1
    },
    {
        "_id": "BJkzAy2QU7v",
        "_deleted": false,
        "_createdAt": "2020-08-28T07:01:57.574Z",
        "_modifiedAt": "2020-08-28T07:01:57.574Z",
        "_lv": 0,
        "deploymentVersion": 1,
        "enabled": false,
        "backendId": "Bysk2QU7w",
        "modelId": "Organization",
        "event": "function beforeSave (event){\n /* Add Your Logic Here\t\n\t//apis.utility.logger.debug();\n\t*/\n}",
        "eventName": "beforeSave",
        "_v": 1
    },
    {
        "_id": "HyC6k278mw",
        "_deleted": false,
        "_createdAt": "2020-08-28T07:01:57.501Z",
        "_modifiedAt": "2020-08-28T07:01:57.501Z",
        "_lv": 0,
        "deploymentVersion": 1,
        "enabled": false,
        "backendId": "Bysk2QU7w",
        "modelId": "OrganizationDomain",
        "event": "function afterDelete (event){\n /* Add Your Logic Here\t\n\t//apis.utility.logger.debug();\n\t*/\n}",
        "eventName": "afterDelete",
        "_v": 1
    },
    {
        "_id": "SJrlaynQLXv",
        "_deleted": false,
        "_createdAt": "2020-08-28T07:01:57.505Z",
        "_modifiedAt": "2020-08-28T07:01:57.505Z",
        "_lv": 0,
        "deploymentVersion": 1,
        "enabled": false,
        "backendId": "Bysk2QU7w",
        "modelId": "OrganizationDomain",
        "event": "function afterRead (event){\n /* Add Your Logic Here\t\n\t//apis.utility.logger.debug();\n\t*/\n}",
        "eventName": "afterRead",
        "_v": 1
    },
    {
        "_id": "rybga12XUXv",
        "_deleted": false,
        "_createdAt": "2020-08-28T07:01:57.503Z",
        "_modifiedAt": "2020-08-28T07:01:57.503Z",
        "_lv": 0,
        "deploymentVersion": 1,
        "enabled": false,
        "backendId": "Bysk2QU7w",
        "modelId": "OrganizationDomain",
        "event": "function afterSave (event){\n /* Add Your Logic Here\t\n\t//apis.utility.logger.debug();\n\t*/\n}",
        "eventName": "afterSave",
        "_v": 1
    },
    {
        "_id": "HJOlpy3XUmw",
        "_deleted": false,
        "_createdAt": "2020-08-28T07:01:57.508Z",
        "_modifiedAt": "2020-08-28T07:01:57.508Z",
        "_lv": 0,
        "deploymentVersion": 1,
        "enabled": false,
        "backendId": "Bysk2QU7w",
        "modelId": "OrganizationDomain",
        "event": "function beforeDelete (event){\n /* Add Your Logic Here\t\n\t//apis.utility.logger.debug();\n\t*/\n}",
        "eventName": "beforeDelete",
        "_v": 1
    },
    {
        "_id": "rJ2ep12QImD",
        "_deleted": false,
        "_createdAt": "2020-08-28T07:01:57.509Z",
        "_modifiedAt": "2020-08-28T07:01:57.509Z",
        "_lv": 0,
        "deploymentVersion": 1,
        "enabled": false,
        "backendId": "Bysk2QU7w",
        "modelId": "OrganizationDomain",
        "event": "function beforeRead (event){\n /* Add Your Logic Here\t\n\t//apis.utility.logger.debug();\n\t*/\n}",
        "eventName": "beforeRead",
        "_v": 1
    },
    {
        "_id": "rJEgTk2QU7w",
        "_deleted": false,
        "_createdAt": "2020-08-28T07:01:57.505Z",
        "_modifiedAt": "2020-08-28T07:01:57.505Z",
        "_lv": 0,
        "deploymentVersion": 1,
        "enabled": false,
        "backendId": "Bysk2QU7w",
        "modelId": "OrganizationDomain",
        "event": "function beforeSave (event){\n /* Add Your Logic Here\t\n\t//apis.utility.logger.debug();\n\t*/\n}",
        "eventName": "beforeSave",
        "_v": 1
    },
    {
        "_id": "H1nlCy3mIXw",
        "_deleted": false,
        "_createdAt": "2020-08-28T07:01:57.541Z",
        "_modifiedAt": "2020-08-28T07:01:57.541Z",
        "_lv": 0,
        "deploymentVersion": 1,
        "enabled": false,
        "backendId": "Bysk2QU7w",
        "modelId": "Rule",
        "event": "function afterDelete (event){\n /* Add Your Logic Here\t\n\t//apis.utility.logger.debug();\n\t*/\n}",
        "eventName": "afterDelete",
        "_v": 1
    },
    {
        "_id": "B18Rk2XIQD",
        "_deleted": false,
        "_createdAt": "2020-08-28T07:01:57.532Z",
        "_modifiedAt": "2020-08-28T07:01:57.532Z",
        "_lv": 0,
        "deploymentVersion": 1,
        "enabled": false,
        "backendId": "Bysk2QU7w",
        "modelId": "Rule",
        "event": "function afterRead (event){\n /* Add Your Logic Here\t\n\t//apis.utility.logger.debug();\n\t*/\n}",
        "eventName": "afterRead",
        "_v": 1
    },
    {
        "_id": "HJTCyhXLmP",
        "_deleted": false,
        "_createdAt": "2020-08-28T07:01:57.535Z",
        "_modifiedAt": "2020-08-28T07:01:57.535Z",
        "_lv": 0,
        "deploymentVersion": 1,
        "enabled": false,
        "backendId": "Bysk2QU7w",
        "modelId": "Rule",
        "event": "function afterSave (event){\n /* Add Your Logic Here\t\n\t//apis.utility.logger.debug();\n\t*/\n}",
        "eventName": "afterSave",
        "_v": 1
    },
    {
        "_id": "SJHlRknQ87D",
        "_deleted": false,
        "_createdAt": "2020-08-28T07:01:57.539Z",
        "_modifiedAt": "2020-08-28T07:01:57.539Z",
        "_lv": 0,
        "deploymentVersion": 1,
        "enabled": false,
        "backendId": "Bysk2QU7w",
        "modelId": "Rule",
        "event": "function beforeDelete (event){\n /* Add Your Logic Here\t\n\t//apis.utility.logger.debug();\n\t*/\n}",
        "eventName": "beforeDelete",
        "_v": 1
    },
    {
        "_id": "Sk7-Ak2mLXw",
        "_deleted": false,
        "_createdAt": "2020-08-28T07:01:57.543Z",
        "_modifiedAt": "2020-08-28T07:01:57.543Z",
        "_lv": 0,
        "deploymentVersion": 1,
        "enabled": false,
        "backendId": "Bysk2QU7w",
        "modelId": "Rule",
        "event": "function beforeRead (event){\n /* Add Your Logic Here\t\n\t//apis.utility.logger.debug();\n\t*/\n}",
        "eventName": "beforeRead",
        "_v": 1
    },
    {
        "_id": "SyBC1h7L7v",
        "_deleted": false,
        "_createdAt": "2020-08-28T07:01:57.532Z",
        "_modifiedAt": "2020-08-28T07:01:57.532Z",
        "_lv": 0,
        "deploymentVersion": 1,
        "enabled": false,
        "backendId": "Bysk2QU7w",
        "modelId": "Rule",
        "event": "function beforeSave (event){\n /* Add Your Logic Here\t\n\t//apis.utility.logger.debug();\n\t*/\n}",
        "eventName": "beforeSave",
        "_v": 1
    },
    {
        "_id": "Hk4e0J2X87D",
        "_deleted": false,
        "_createdAt": "2020-08-28T07:01:57.538Z",
        "_modifiedAt": "2020-08-28T07:01:57.538Z",
        "_lv": 0,
        "deploymentVersion": 1,
        "enabled": false,
        "backendId": "Bysk2QU7w",
        "modelId": "User",
        "event": "function afterDelete (event){\n /* Add Your Logic Here\t\n\t//apis.utility.logger.debug();\n\t*/\n}",
        "eventName": "afterDelete",
        "_v": 1
    },
    {
        "_id": "SJzb0k3XIXP",
        "_deleted": false,
        "_createdAt": "2020-08-28T07:01:57.542Z",
        "_modifiedAt": "2020-08-28T07:01:57.542Z",
        "_lv": 0,
        "deploymentVersion": 1,
        "enabled": false,
        "backendId": "Bysk2QU7w",
        "modelId": "User",
        "event": "function afterRead (event){\n /* Add Your Logic Here\t\n\t//apis.utility.logger.debug();\n\t*/\n}",
        "eventName": "afterRead",
        "_v": 1
    },
    {
        "_id": "Bk40khQUXw",
        "_deleted": false,
        "_createdAt": "2020-08-28T07:01:57.531Z",
        "_modifiedAt": "2020-08-28T07:01:57.531Z",
        "_lv": 0,
        "deploymentVersion": 1,
        "enabled": false,
        "backendId": "Bysk2QU7w",
        "modelId": "User",
        "event": "function afterSave (event){\n /* Add Your Logic Here\t\n\t//apis.utility.logger.debug();\n\t*/\n}",
        "eventName": "afterSave",
        "_v": 1
    },
    {
        "_id": "r13Cy2QLmw",
        "_deleted": false,
        "_createdAt": "2020-08-28T07:01:57.535Z",
        "_modifiedAt": "2020-08-28T07:01:57.535Z",
        "_lv": 0,
        "deploymentVersion": 1,
        "enabled": false,
        "backendId": "Bysk2QU7w",
        "modelId": "User",
        "event": "function beforeDelete (event){\n /* Add Your Logic Here\t\n\t//apis.utility.logger.debug();\n\t*/\n}",
        "eventName": "beforeDelete",
        "_v": 1
    },
    {
        "_id": "SyogC1hX87w",
        "_deleted": false,
        "_createdAt": "2020-08-28T07:01:57.540Z",
        "_modifiedAt": "2020-08-28T07:01:57.540Z",
        "_lv": 0,
        "deploymentVersion": 1,
        "enabled": false,
        "backendId": "Bysk2QU7w",
        "modelId": "User",
        "event": "function beforeRead (event){\n /* Add Your Logic Here\t\n\t//apis.utility.logger.debug();\n\t*/\n}",
        "eventName": "beforeRead",
        "_v": 1
    },
    {
        "_id": "HyW-RyhQU7w",
        "_deleted": false,
        "_createdAt": "2020-08-28T07:01:57.542Z",
        "_modifiedAt": "2020-08-28T07:01:57.542Z",
        "_lv": 0,
        "deploymentVersion": 1,
        "enabled": false,
        "backendId": "Bysk2QU7w",
        "modelId": "User",
        "event": "function beforeSave (event){\n /* Add Your Logic Here\t\n\t//apis.utility.logger.debug();\n\t*/\n}",
        "eventName": "beforeSave",
        "_v": 1
    },
    {
        "_id": "S1-pJhmLQD",
        "_deleted": false,
        "_createdAt": "2020-08-28T07:01:57.213Z",
        "_modifiedAt": "2020-08-28T07:01:57.213Z",
        "_lv": 0,
        "deploymentVersion": 1,
        "enabled": false,
        "backendId": "Bysk2QU7w",
        "modelId": "Workflow",
        "event": "function afterDelete (event){\n /* Add Your Logic Here\t\n\t//apis.utility.logger.debug();\n\t*/\n}",
        "eventName": "afterDelete",
        "_v": 1
    },
    {
        "_id": "rkeTJnX8Qv",
        "_deleted": false,
        "_createdAt": "2020-08-28T07:01:57.213Z",
        "_modifiedAt": "2020-08-28T07:01:57.213Z",
        "_lv": 0,
        "deploymentVersion": 1,
        "enabled": false,
        "backendId": "Bysk2QU7w",
        "modelId": "Workflow",
        "event": "function afterRead (event){\n /* Add Your Logic Here\t\n\t//apis.utility.logger.debug();\n\t*/\n}",
        "eventName": "afterRead",
        "_v": 1
    },
    {
        "_id": "HJ4aJnX8XP",
        "_deleted": false,
        "_createdAt": "2020-08-28T07:01:57.214Z",
        "_modifiedAt": "2020-08-28T07:01:57.214Z",
        "_lv": 0,
        "deploymentVersion": 1,
        "enabled": false,
        "backendId": "Bysk2QU7w",
        "modelId": "Workflow",
        "event": "function afterSave (event){\n /* Add Your Logic Here\t\n\t//apis.utility.logger.debug();\n\t*/\n}",
        "eventName": "afterSave",
        "_v": 1
    },
    {
        "_id": "S1G6yn78mw",
        "_deleted": false,
        "_createdAt": "2020-08-28T07:01:57.214Z",
        "_modifiedAt": "2020-08-28T07:01:57.214Z",
        "_lv": 0,
        "deploymentVersion": 1,
        "enabled": false,
        "backendId": "Bysk2QU7w",
        "modelId": "Workflow",
        "event": "function beforeDelete (event){\n /* Add Your Logic Here\t\n\t//apis.utility.logger.debug();\n\t*/\n}",
        "eventName": "beforeDelete",
        "_v": 1
    },
    {
        "_id": "BJXTJnXU7w",
        "_deleted": false,
        "_createdAt": "2020-08-28T07:01:57.214Z",
        "_modifiedAt": "2020-08-28T07:01:57.214Z",
        "_lv": 0,
        "deploymentVersion": 1,
        "enabled": false,
        "backendId": "Bysk2QU7w",
        "modelId": "Workflow",
        "event": "function beforeRead (event){\n /* Add Your Logic Here\t\n\t//apis.utility.logger.debug();\n\t*/\n}",
        "eventName": "beforeRead",
        "_v": 1
    },
    {
        "_id": "SkaJ3Q8Xw",
        "_deleted": false,
        "_createdAt": "2020-08-28T07:01:57.212Z",
        "_modifiedAt": "2020-08-28T07:01:57.212Z",
        "_lv": 0,
        "deploymentVersion": 1,
        "enabled": false,
        "backendId": "Bysk2QU7w",
        "modelId": "Workflow",
        "event": "function beforeSave (event){\n /* Add Your Logic Here\t\n\t//apis.utility.logger.debug();\n\t*/\n}",
        "eventName": "beforeSave",
        "_v": 1
    },
    {
        "_id": "SySKEv4IXv",
        "_deleted": false,
        "_createdAt": "2020-08-28T07:50:09.466Z",
        "_modifiedAt": "2020-08-28T07:50:09.466Z",
        "_lv": 0,
        "deploymentVersion": 2,
        "enabled": false,
        "backendId": "Bysk2QU7w",
        "modelId": "department",
        "event": "function afterDelete (event){\n /* Add Your Logic Here\t\n\t//apis.utility.logger.debug();\n\t*/\n}",
        "eventName": "afterDelete",
        "_v": 1
    },
    {
        "_id": "BJVtEvELQv",
        "_deleted": false,
        "_createdAt": "2020-08-28T07:50:09.466Z",
        "_modifiedAt": "2020-08-28T07:50:09.466Z",
        "_lv": 0,
        "deploymentVersion": 2,
        "enabled": false,
        "backendId": "Bysk2QU7w",
        "modelId": "department",
        "event": "function afterRead (event){\n /* Add Your Logic Here\t\n\t//apis.utility.logger.debug();\n\t*/\n}",
        "eventName": "afterRead",
        "_v": 1
    },
    {
        "_id": "HJZFEDVIXv",
        "_deleted": false,
        "_createdAt": "2020-08-28T07:50:09.464Z",
        "_modifiedAt": "2020-08-28T07:50:09.464Z",
        "_lv": 0,
        "deploymentVersion": 2,
        "enabled": false,
        "backendId": "Bysk2QU7w",
        "modelId": "department",
        "event": "function afterSave (event){\n /* Add Your Logic Here\t\n\t//apis.utility.logger.debug();\n\t*/\n}",
        "eventName": "afterSave",
        "_v": 1
    },
    {
        "_id": "ry8YND4U7v",
        "_deleted": false,
        "_createdAt": "2020-08-28T07:50:09.466Z",
        "_modifiedAt": "2020-08-28T07:50:09.466Z",
        "_lv": 0,
        "deploymentVersion": 2,
        "enabled": false,
        "backendId": "Bysk2QU7w",
        "modelId": "department",
        "event": "function beforeDelete (event){\n /* Add Your Logic Here\t\n\t//apis.utility.logger.debug();\n\t*/\n}",
        "eventName": "beforeDelete",
        "_v": 1
    },
    {
        "_id": "HkGKVwEImw",
        "_deleted": false,
        "_createdAt": "2020-08-28T07:50:09.465Z",
        "_modifiedAt": "2020-08-28T07:50:09.465Z",
        "_lv": 0,
        "deploymentVersion": 2,
        "enabled": false,
        "backendId": "Bysk2QU7w",
        "modelId": "department",
        "event": "function beforeRead (event){\n /* Add Your Logic Here\t\n\t//apis.utility.logger.debug();\n\t*/\n}",
        "eventName": "beforeRead",
        "_v": 1
    },
    {
        "_id": "rJQKED4L7D",
        "_deleted": false,
        "_createdAt": "2020-08-28T07:50:09.465Z",
        "_modifiedAt": "2020-08-28T07:50:09.465Z",
        "_lv": 0,
        "deploymentVersion": 2,
        "enabled": false,
        "backendId": "Bysk2QU7w",
        "modelId": "department",
        "event": "function beforeSave (event){\n /* Add Your Logic Here\t\n\t//apis.utility.logger.debug();\n\t*/\n}",
        "eventName": "beforeSave",
        "_v": 1
    },
    {
        "_id": "rkVIcVs24D",
        "_deleted": false,
        "_createdAt": "2020-09-14T08:06:37.954Z",
        "_modifiedAt": "2020-09-14T08:06:37.954Z",
        "_lv": 0,
        "deploymentVersion": 14,
        "enabled": false,
        "backendId": "Bysk2QU7w",
        "modelId": "edddddddd",
        "event": "function afterDelete (event){\n /* Add Your Logic Here\t\n\t//apis.utility.logger.debug();\n\t*/\n}",
        "eventName": "afterDelete",
        "_v": 1
    },
    {
        "_id": "B1IIqEs24P",
        "_deleted": false,
        "_createdAt": "2020-09-14T08:06:37.958Z",
        "_modifiedAt": "2020-09-14T08:06:37.958Z",
        "_lv": 0,
        "deploymentVersion": 14,
        "enabled": false,
        "backendId": "Bysk2QU7w",
        "modelId": "edddddddd",
        "event": "function afterRead (event){\n /* Add Your Logic Here\t\n\t//apis.utility.logger.debug();\n\t*/\n}",
        "eventName": "afterRead",
        "_v": 1
    },
    {
        "_id": "SkmIqVinVv",
        "_deleted": false,
        "_createdAt": "2020-09-14T08:06:37.954Z",
        "_modifiedAt": "2020-09-14T08:06:37.954Z",
        "_lv": 0,
        "deploymentVersion": 14,
        "enabled": false,
        "backendId": "Bysk2QU7w",
        "modelId": "edddddddd",
        "event": "function afterSave (event){\n /* Add Your Logic Here\t\n\t//apis.utility.logger.debug();\n\t*/\n}",
        "eventName": "afterSave",
        "_v": 1
    },
    {
        "_id": "ryM89Vs2Vw",
        "_deleted": false,
        "_createdAt": "2020-09-14T08:06:37.953Z",
        "_modifiedAt": "2020-09-14T08:06:37.953Z",
        "_lv": 0,
        "deploymentVersion": 14,
        "enabled": false,
        "backendId": "Bysk2QU7w",
        "modelId": "edddddddd",
        "event": "function beforeDelete (event){\n /* Add Your Logic Here\t\n\t//apis.utility.logger.debug();\n\t*/\n}",
        "eventName": "beforeDelete",
        "_v": 1
    },
    {
        "_id": "HJbI94jnND",
        "_deleted": false,
        "_createdAt": "2020-09-14T08:06:37.952Z",
        "_modifiedAt": "2020-09-14T08:06:37.952Z",
        "_lv": 0,
        "deploymentVersion": 14,
        "enabled": false,
        "backendId": "Bysk2QU7w",
        "modelId": "edddddddd",
        "event": "function beforeRead (event){\n /* Add Your Logic Here\t\n\t//apis.utility.logger.debug();\n\t*/\n}",
        "eventName": "beforeRead",
        "_v": 1
    },
    {
        "_id": "SkrL5NonVw",
        "_deleted": false,
        "_createdAt": "2020-09-14T08:06:37.955Z",
        "_modifiedAt": "2020-09-14T08:06:37.955Z",
        "_lv": 0,
        "deploymentVersion": 14,
        "enabled": false,
        "backendId": "Bysk2QU7w",
        "modelId": "edddddddd",
        "event": "function beforeSave (event){\n /* Add Your Logic Here\t\n\t//apis.utility.logger.debug();\n\t*/\n}",
        "eventName": "beforeSave",
        "_v": 1
    },
    {
        "_id": "Bk0lR1nXL7D",
        "_deleted": false,
        "_createdAt": "2020-08-28T07:01:57.541Z",
        "_modifiedAt": "2020-08-28T07:01:57.541Z",
        "_lv": 0,
        "deploymentVersion": 1,
        "enabled": false,
        "backendId": "Bysk2QU7w",
        "modelId": "jobDetail",
        "event": "function afterDelete (event){\n /* Add Your Logic Here\t\n\t//apis.utility.logger.debug();\n\t*/\n}",
        "eventName": "afterDelete",
        "_v": 1
    },
    {
        "_id": "HkYCk3QIXD",
        "_deleted": false,
        "_createdAt": "2020-08-28T07:01:57.533Z",
        "_modifiedAt": "2020-08-28T07:01:57.533Z",
        "_lv": 0,
        "deploymentVersion": 1,
        "enabled": false,
        "backendId": "Bysk2QU7w",
        "modelId": "jobDetail",
        "event": "function afterRead (event){\n /* Add Your Logic Here\t\n\t//apis.utility.logger.debug();\n\t*/\n}",
        "eventName": "afterRead",
        "_v": 1
    },
    {
        "_id": "ryeeAkh7UmP",
        "_deleted": false,
        "_createdAt": "2020-08-28T07:01:57.537Z",
        "_modifiedAt": "2020-08-28T07:01:57.537Z",
        "_lv": 0,
        "deploymentVersion": 1,
        "enabled": false,
        "backendId": "Bysk2QU7w",
        "modelId": "jobDetail",
        "event": "function afterSave (event){\n /* Add Your Logic Here\t\n\t//apis.utility.logger.debug();\n\t*/\n}",
        "eventName": "afterSave",
        "_v": 1
    },
    {
        "_id": "HywlAy3XLXD",
        "_deleted": false,
        "_createdAt": "2020-08-28T07:01:57.539Z",
        "_modifiedAt": "2020-08-28T07:01:57.539Z",
        "_lv": 0,
        "deploymentVersion": 1,
        "enabled": false,
        "backendId": "Bysk2QU7w",
        "modelId": "jobDetail",
        "event": "function beforeDelete (event){\n /* Add Your Logic Here\t\n\t//apis.utility.logger.debug();\n\t*/\n}",
        "eventName": "beforeDelete",
        "_v": 1
    },
    {
        "_id": "Sy-Ry2XUQD",
        "_deleted": false,
        "_createdAt": "2020-08-28T07:01:57.530Z",
        "_modifiedAt": "2020-08-28T07:01:57.530Z",
        "_lv": 0,
        "deploymentVersion": 1,
        "enabled": false,
        "backendId": "Bysk2QU7w",
        "modelId": "jobDetail",
        "event": "function beforeRead (event){\n /* Add Your Logic Here\t\n\t//apis.utility.logger.debug();\n\t*/\n}",
        "eventName": "beforeRead",
        "_v": 1
    },
    {
        "_id": "SJ_AkhQL7w",
        "_deleted": false,
        "_createdAt": "2020-08-28T07:01:57.533Z",
        "_modifiedAt": "2020-08-28T07:01:57.533Z",
        "_lv": 0,
        "deploymentVersion": 1,
        "enabled": false,
        "backendId": "Bysk2QU7w",
        "modelId": "jobDetail",
        "event": "function beforeSave (event){\n /* Add Your Logic Here\t\n\t//apis.utility.logger.debug();\n\t*/\n}",
        "eventName": "beforeSave",
        "_v": 1
    },
    {
        "_id": "B1wxay2XI7D",
        "_deleted": false,
        "_createdAt": "2020-08-28T07:01:57.508Z",
        "_modifiedAt": "2020-08-28T07:01:57.508Z",
        "_lv": 0,
        "deploymentVersion": 1,
        "enabled": false,
        "backendId": "Bysk2QU7w",
        "modelId": "mapping",
        "event": "function afterDelete (event){\n /* Add Your Logic Here\t\n\t//apis.utility.logger.debug();\n\t*/\n}",
        "eventName": "afterDelete",
        "_v": 1
    },
    {
        "_id": "Bkieak2XUmD",
        "_deleted": false,
        "_createdAt": "2020-08-28T07:01:57.509Z",
        "_modifiedAt": "2020-08-28T07:01:57.509Z",
        "_lv": 0,
        "deploymentVersion": 1,
        "enabled": false,
        "backendId": "Bysk2QU7w",
        "modelId": "mapping",
        "event": "function afterRead (event){\n /* Add Your Logic Here\t\n\t//apis.utility.logger.debug();\n\t*/\n}",
        "eventName": "afterRead",
        "_v": 1
    },
    {
        "_id": "H1mga1n7IQP",
        "_deleted": false,
        "_createdAt": "2020-08-28T07:01:57.505Z",
        "_modifiedAt": "2020-08-28T07:01:57.505Z",
        "_lv": 0,
        "deploymentVersion": 1,
        "enabled": false,
        "backendId": "Bysk2QU7w",
        "modelId": "mapping",
        "event": "function afterSave (event){\n /* Add Your Logic Here\t\n\t//apis.utility.logger.debug();\n\t*/\n}",
        "eventName": "afterSave",
        "_v": 1
    },
    {
        "_id": "rkegT1nQLXP",
        "_deleted": false,
        "_createdAt": "2020-08-28T07:01:57.503Z",
        "_modifiedAt": "2020-08-28T07:01:57.503Z",
        "_lv": 0,
        "deploymentVersion": 1,
        "enabled": false,
        "backendId": "Bysk2QU7w",
        "modelId": "mapping",
        "event": "function beforeDelete (event){\n /* Add Your Logic Here\t\n\t//apis.utility.logger.debug();\n\t*/\n}",
        "eventName": "beforeDelete",
        "_v": 1
    },
    {
        "_id": "SJaTJn78mP",
        "_deleted": false,
        "_createdAt": "2020-08-28T07:01:57.501Z",
        "_modifiedAt": "2020-08-28T07:01:57.501Z",
        "_lv": 0,
        "deploymentVersion": 1,
        "enabled": false,
        "backendId": "Bysk2QU7w",
        "modelId": "mapping",
        "event": "function beforeRead (event){\n /* Add Your Logic Here\t\n\t//apis.utility.logger.debug();\n\t*/\n}",
        "eventName": "beforeRead",
        "_v": 1
    },
    {
        "_id": "SJ5xa1n7IQv",
        "_deleted": false,
        "_createdAt": "2020-08-28T07:01:57.509Z",
        "_modifiedAt": "2020-08-28T07:01:57.509Z",
        "_lv": 0,
        "deploymentVersion": 1,
        "enabled": false,
        "backendId": "Bysk2QU7w",
        "modelId": "mapping",
        "event": "function beforeSave (event){\n /* Add Your Logic Here\t\n\t//apis.utility.logger.debug();\n\t*/\n}",
        "eventName": "beforeSave",
        "_v": 1
    },
    {
        "_id": "HJbFE5PUmD",
        "_deleted": true,
        "_createdAt": "2020-08-28T11:27:45.253Z",
        "_modifiedAt": "2020-08-28T11:27:45.253Z",
        "_lv": 0,
        "deploymentVersion": 3,
        "enabled": false,
        "backendId": "Bysk2QU7w",
        "modelId": "one",
        "event": "function afterDelete (event){\n /* Add Your Logic Here\t\n\t//apis.utility.logger.debug();\n\t*/\n}",
        "eventName": "afterDelete",
        "_v": 1
    },
    {
        "_id": "HJ8KV5wIXw",
        "_deleted": true,
        "_createdAt": "2020-08-28T11:27:45.256Z",
        "_modifiedAt": "2020-08-28T11:27:45.256Z",
        "_lv": 0,
        "deploymentVersion": 3,
        "enabled": false,
        "backendId": "Bysk2QU7w",
        "modelId": "one",
        "event": "function afterRead (event){\n /* Add Your Logic Here\t\n\t//apis.utility.logger.debug();\n\t*/\n}",
        "eventName": "afterRead",
        "_v": 1
    },
    {
        "_id": "rkEY4cvIXw",
        "_deleted": true,
        "_createdAt": "2020-08-28T11:27:45.255Z",
        "_modifiedAt": "2020-08-28T11:27:45.255Z",
        "_lv": 0,
        "deploymentVersion": 3,
        "enabled": false,
        "backendId": "Bysk2QU7w",
        "modelId": "one",
        "event": "function afterSave (event){\n /* Add Your Logic Here\t\n\t//apis.utility.logger.debug();\n\t*/\n}",
        "eventName": "afterSave",
        "_v": 1
    },
    {
        "_id": "Hk7KV5DIXv",
        "_deleted": true,
        "_createdAt": "2020-08-28T11:27:45.255Z",
        "_modifiedAt": "2020-08-28T11:27:45.255Z",
        "_lv": 0,
        "deploymentVersion": 3,
        "enabled": false,
        "backendId": "Bysk2QU7w",
        "modelId": "one",
        "event": "function beforeDelete (event){\n /* Add Your Logic Here\t\n\t//apis.utility.logger.debug();\n\t*/\n}",
        "eventName": "beforeDelete",
        "_v": 1
    },
    {
        "_id": "Hkzt4qvLQD",
        "_deleted": true,
        "_createdAt": "2020-08-28T11:27:45.254Z",
        "_modifiedAt": "2020-08-28T11:27:45.254Z",
        "_lv": 0,
        "deploymentVersion": 3,
        "enabled": false,
        "backendId": "Bysk2QU7w",
        "modelId": "one",
        "event": "function beforeRead (event){\n /* Add Your Logic Here\t\n\t//apis.utility.logger.debug();\n\t*/\n}",
        "eventName": "beforeRead",
        "_v": 1
    },
    {
        "_id": "rkrtV9DUQv",
        "_deleted": true,
        "_createdAt": "2020-08-28T11:27:45.256Z",
        "_modifiedAt": "2020-08-28T11:27:45.256Z",
        "_lv": 0,
        "deploymentVersion": 3,
        "enabled": false,
        "backendId": "Bysk2QU7w",
        "modelId": "one",
        "event": "function beforeSave (event){\n /* Add Your Logic Here\t\n\t//apis.utility.logger.debug();\n\t*/\n}",
        "eventName": "beforeSave",
        "_v": 1
    },
    {
        "_id": "B1fTSVw1VD",
        "_deleted": true,
        "_createdAt": "2020-09-04T06:52:53.423Z",
        "_modifiedAt": "2020-09-04T06:52:53.423Z",
        "_lv": 0,
        "deploymentVersion": 9,
        "enabled": false,
        "backendId": "Bysk2QU7w",
        "modelId": "relationtest",
        "event": "function afterDelete (event){\n /* Add Your Logic Here\t\n\t//apis.utility.logger.debug();\n\t*/\n}",
        "eventName": "afterDelete",
        "_v": 1
    },
    {
        "_id": "BySpH4w1ND",
        "_deleted": true,
        "_createdAt": "2020-09-04T06:52:53.427Z",
        "_modifiedAt": "2020-09-04T06:52:53.427Z",
        "_lv": 0,
        "deploymentVersion": 9,
        "enabled": false,
        "backendId": "Bysk2QU7w",
        "modelId": "relationtest",
        "event": "function afterRead (event){\n /* Add Your Logic Here\t\n\t//apis.utility.logger.debug();\n\t*/\n}",
        "eventName": "afterRead",
        "_v": 1
    },
    {
        "_id": "HJQaSVPkEw",
        "_deleted": true,
        "_createdAt": "2020-09-04T06:52:53.424Z",
        "_modifiedAt": "2020-09-04T06:52:53.424Z",
        "_lv": 0,
        "deploymentVersion": 9,
        "enabled": false,
        "backendId": "Bysk2QU7w",
        "modelId": "relationtest",
        "event": "function afterSave (event){\n /* Add Your Logic Here\t\n\t//apis.utility.logger.debug();\n\t*/\n}",
        "eventName": "afterSave",
        "_v": 1
    },
    {
        "_id": "H1ZaBEv14w",
        "_deleted": true,
        "_createdAt": "2020-09-04T06:52:53.421Z",
        "_modifiedAt": "2020-09-04T06:52:53.421Z",
        "_lv": 0,
        "deploymentVersion": 9,
        "enabled": false,
        "backendId": "Bysk2QU7w",
        "modelId": "relationtest",
        "event": "function beforeDelete (event){\n /* Add Your Logic Here\t\n\t//apis.utility.logger.debug();\n\t*/\n}",
        "eventName": "beforeDelete",
        "_v": 1
    },
    {
        "_id": "BJipHEDJVD",
        "_deleted": true,
        "_createdAt": "2020-09-04T06:52:53.449Z",
        "_modifiedAt": "2020-09-04T06:52:53.449Z",
        "_lv": 0,
        "deploymentVersion": 9,
        "enabled": false,
        "backendId": "Bysk2QU7w",
        "modelId": "relationtest",
        "event": "function beforeRead (event){\n /* Add Your Logic Here\t\n\t//apis.utility.logger.debug();\n\t*/\n}",
        "eventName": "beforeRead",
        "_v": 1
    },
    {
        "_id": "HkVTBVvyED",
        "_deleted": true,
        "_createdAt": "2020-09-04T06:52:53.425Z",
        "_modifiedAt": "2020-09-04T06:52:53.425Z",
        "_lv": 0,
        "deploymentVersion": 9,
        "enabled": false,
        "backendId": "Bysk2QU7w",
        "modelId": "relationtest",
        "event": "function beforeSave (event){\n /* Add Your Logic Here\t\n\t//apis.utility.logger.debug();\n\t*/\n}",
        "eventName": "beforeSave",
        "_v": 1
    },
    {
        "_id": "ryiAJ27Imw",
        "_deleted": false,
        "_createdAt": "2020-08-28T07:01:57.534Z",
        "_modifiedAt": "2020-08-28T07:01:57.534Z",
        "_lv": 0,
        "deploymentVersion": 1,
        "enabled": false,
        "backendId": "Bysk2QU7w",
        "modelId": "s3ObjectRoleMapping",
        "event": "function afterDelete (event){\n /* Add Your Logic Here\t\n\t//apis.utility.logger.debug();\n\t*/\n}",
        "eventName": "afterDelete",
        "_v": 1
    },
    {
        "_id": "Bk9l0y3X87P",
        "_deleted": false,
        "_createdAt": "2020-08-28T07:01:57.540Z",
        "_modifiedAt": "2020-08-28T07:01:57.540Z",
        "_lv": 0,
        "deploymentVersion": 1,
        "enabled": false,
        "backendId": "Bysk2QU7w",
        "modelId": "s3ObjectRoleMapping",
        "event": "function afterRead (event){\n /* Add Your Logic Here\t\n\t//apis.utility.logger.debug();\n\t*/\n}",
        "eventName": "afterRead",
        "_v": 1
    },
    {
        "_id": "ryxZ0y3QU7w",
        "_deleted": false,
        "_createdAt": "2020-08-28T07:01:57.542Z",
        "_modifiedAt": "2020-08-28T07:01:57.542Z",
        "_lv": 0,
        "deploymentVersion": 1,
        "enabled": false,
        "backendId": "Bysk2QU7w",
        "modelId": "s3ObjectRoleMapping",
        "event": "function afterSave (event){\n /* Add Your Logic Here\t\n\t//apis.utility.logger.debug();\n\t*/\n}",
        "eventName": "afterSave",
        "_v": 1
    },
    {
        "_id": "HyQCJ3mUXv",
        "_deleted": false,
        "_createdAt": "2020-08-28T07:01:57.531Z",
        "_modifiedAt": "2020-08-28T07:01:57.531Z",
        "_lv": 0,
        "deploymentVersion": 1,
        "enabled": false,
        "backendId": "Bysk2QU7w",
        "modelId": "s3ObjectRoleMapping",
        "event": "function beforeDelete (event){\n /* Add Your Logic Here\t\n\t//apis.utility.logger.debug();\n\t*/\n}",
        "eventName": "beforeDelete",
        "_v": 1
    },
    {
        "_id": "ryXx01h7IXv",
        "_deleted": false,
        "_createdAt": "2020-08-28T07:01:57.538Z",
        "_modifiedAt": "2020-08-28T07:01:57.538Z",
        "_lv": 0,
        "deploymentVersion": 1,
        "enabled": false,
        "backendId": "Bysk2QU7w",
        "modelId": "s3ObjectRoleMapping",
        "event": "function beforeRead (event){\n /* Add Your Logic Here\t\n\t//apis.utility.logger.debug();\n\t*/\n}",
        "eventName": "beforeRead",
        "_v": 1
    },
    {
        "_id": "HkFxR1nmU7D",
        "_deleted": false,
        "_createdAt": "2020-08-28T07:01:57.540Z",
        "_modifiedAt": "2020-08-28T07:01:57.540Z",
        "_lv": 0,
        "deploymentVersion": 1,
        "enabled": false,
        "backendId": "Bysk2QU7w",
        "modelId": "s3ObjectRoleMapping",
        "event": "function beforeSave (event){\n /* Add Your Logic Here\t\n\t//apis.utility.logger.debug();\n\t*/\n}",
        "eventName": "beforeSave",
        "_v": 1
    },
    {
        "_id": "ryVJ0kA2ND",
        "_deleted": false,
        "_createdAt": "2020-09-14T11:11:03.098Z",
        "_modifiedAt": "2020-09-14T11:11:03.098Z",
        "_lv": 0,
        "deploymentVersion": 16,
        "enabled": false,
        "backendId": "Bysk2QU7w",
        "modelId": "sheeeee",
        "event": "function afterDelete (event){\n /* Add Your Logic Here\t\n\t//apis.utility.logger.debug();\n\t*/\n}",
        "eventName": "afterDelete",
        "_v": 1
    },
    {
        "_id": "BJ8yAyA2Nv",
        "_deleted": false,
        "_createdAt": "2020-09-14T11:11:03.100Z",
        "_modifiedAt": "2020-09-14T11:11:03.100Z",
        "_lv": 0,
        "deploymentVersion": 16,
        "enabled": false,
        "backendId": "Bysk2QU7w",
        "modelId": "sheeeee",
        "event": "function afterRead (event){\n /* Add Your Logic Here\t\n\t//apis.utility.logger.debug();\n\t*/\n}",
        "eventName": "afterRead",
        "_v": 1
    },
    {
        "_id": "ryQyC1Rh4D",
        "_deleted": false,
        "_createdAt": "2020-09-14T11:11:03.098Z",
        "_modifiedAt": "2020-09-14T11:11:03.098Z",
        "_lv": 0,
        "deploymentVersion": 16,
        "enabled": false,
        "backendId": "Bysk2QU7w",
        "modelId": "sheeeee",
        "event": "function afterSave (event){\n /* Add Your Logic Here\t\n\t//apis.utility.logger.debug();\n\t*/\n}",
        "eventName": "afterSave",
        "_v": 1
    },
    {
        "_id": "rkb1A1R2Vw",
        "_deleted": false,
        "_createdAt": "2020-09-14T11:11:03.096Z",
        "_modifiedAt": "2020-09-14T11:11:03.096Z",
        "_lv": 0,
        "deploymentVersion": 16,
        "enabled": false,
        "backendId": "Bysk2QU7w",
        "modelId": "sheeeee",
        "event": "function beforeDelete (event){\n /* Add Your Logic Here\t\n\t//apis.utility.logger.debug();\n\t*/\n}",
        "eventName": "beforeDelete",
        "_v": 1
    },
    {
        "_id": "BkGy0yCh4w",
        "_deleted": false,
        "_createdAt": "2020-09-14T11:11:03.097Z",
        "_modifiedAt": "2020-09-14T11:11:03.097Z",
        "_lv": 0,
        "deploymentVersion": 16,
        "enabled": false,
        "backendId": "Bysk2QU7w",
        "modelId": "sheeeee",
        "event": "function beforeRead (event){\n /* Add Your Logic Here\t\n\t//apis.utility.logger.debug();\n\t*/\n}",
        "eventName": "beforeRead",
        "_v": 1
    },
    {
        "_id": "Bkrk0kR3Ev",
        "_deleted": false,
        "_createdAt": "2020-09-14T11:11:03.099Z",
        "_modifiedAt": "2020-09-14T11:11:03.099Z",
        "_lv": 0,
        "deploymentVersion": 16,
        "enabled": false,
        "backendId": "Bysk2QU7w",
        "modelId": "sheeeee",
        "event": "function beforeSave (event){\n /* Add Your Logic Here\t\n\t//apis.utility.logger.debug();\n\t*/\n}",
        "eventName": "beforeSave",
        "_v": 1
    },
    {
        "_id": "ByLHKpDkVP",
        "_deleted": false,
        "_createdAt": "2020-09-04T07:32:12.832Z",
        "_modifiedAt": "2020-09-04T07:32:12.832Z",
        "_lv": 0,
        "deploymentVersion": 9,
        "enabled": false,
        "backendId": "Bysk2QU7w",
        "modelId": "shree",
        "event": "function afterDelete (event){\n /* Add Your Logic Here\t\n\t//apis.utility.logger.debug();\n\t*/\n}",
        "eventName": "afterDelete",
        "_v": 1
    },
    {
        "_id": "Hk7rt6PkNv",
        "_deleted": false,
        "_createdAt": "2020-09-04T07:32:12.830Z",
        "_modifiedAt": "2020-09-04T07:32:12.830Z",
        "_lv": 0,
        "deploymentVersion": 9,
        "enabled": false,
        "backendId": "Bysk2QU7w",
        "modelId": "shree",
        "event": "function afterRead (event){\n /* Add Your Logic Here\t\n\t//apis.utility.logger.debug();\n\t*/\n}",
        "eventName": "afterRead",
        "_v": 1
    },
    {
        "_id": "H1EBFavyEw",
        "_deleted": false,
        "_createdAt": "2020-09-04T07:32:12.831Z",
        "_modifiedAt": "2020-09-04T07:32:12.831Z",
        "_lv": 0,
        "deploymentVersion": 9,
        "enabled": false,
        "backendId": "Bysk2QU7w",
        "modelId": "shree",
        "event": "function afterSave (event){\n /* Add Your Logic Here\t\n\t//apis.utility.logger.debug();\n\t*/\n}",
        "eventName": "afterSave",
        "_v": 1
    },
    {
        "_id": "rJGBFTD1Nv",
        "_deleted": false,
        "_createdAt": "2020-09-04T07:32:12.830Z",
        "_modifiedAt": "2020-09-04T07:32:12.830Z",
        "_lv": 0,
        "deploymentVersion": 9,
        "enabled": false,
        "backendId": "Bysk2QU7w",
        "modelId": "shree",
        "event": "function beforeDelete (event){\n /* Add Your Logic Here\t\n\t//apis.utility.logger.debug();\n\t*/\n}",
        "eventName": "beforeDelete",
        "_v": 1
    },
    {
        "_id": "SkHrKpvyND",
        "_deleted": false,
        "_createdAt": "2020-09-04T07:32:12.831Z",
        "_modifiedAt": "2020-09-04T07:32:12.831Z",
        "_lv": 0,
        "deploymentVersion": 9,
        "enabled": false,
        "backendId": "Bysk2QU7w",
        "modelId": "shree",
        "event": "function beforeRead (event){\n /* Add Your Logic Here\t\n\t//apis.utility.logger.debug();\n\t*/\n}",
        "eventName": "beforeRead",
        "_v": 1
    },
    {
        "_id": "BybrFaP1VP",
        "_deleted": false,
        "_createdAt": "2020-09-04T07:32:12.828Z",
        "_modifiedAt": "2020-09-04T07:32:12.828Z",
        "_lv": 0,
        "deploymentVersion": 9,
        "enabled": false,
        "backendId": "Bysk2QU7w",
        "modelId": "shree",
        "event": "function beforeSave (event){\n /* Add Your Logic Here\t\n\t//apis.utility.logger.debug();\n\t*/\n}",
        "eventName": "beforeSave",
        "_v": 1
    },
    {
        "_id": "HyZhybvI7D",
        "_deleted": true,
        "_createdAt": "2020-08-28T10:48:03.797Z",
        "_modifiedAt": "2020-08-28T10:48:03.797Z",
        "_lv": 0,
        "deploymentVersion": 3,
        "enabled": false,
        "backendId": "Bysk2QU7w",
        "modelId": "shree",
        "event": "function afterDelete (event){\n /* Add Your Logic Here\t\n\t//apis.utility.logger.debug();\n\t*/\n}",
        "eventName": "afterDelete",
        "_v": 1
    },
    {
        "_id": "Byf3k-P87v",
        "_deleted": true,
        "_createdAt": "2020-08-28T10:48:03.798Z",
        "_modifiedAt": "2020-08-28T10:48:03.798Z",
        "_lv": 0,
        "deploymentVersion": 3,
        "enabled": false,
        "backendId": "Bysk2QU7w",
        "modelId": "shree",
        "event": "function afterRead (event){\n /* Add Your Logic Here\t\n\t//apis.utility.logger.debug();\n\t*/\n}",
        "eventName": "afterRead",
        "_v": 1
    },
    {
        "_id": "r1Q3J-vI7v",
        "_deleted": true,
        "_createdAt": "2020-08-28T10:48:03.798Z",
        "_modifiedAt": "2020-08-28T10:48:03.798Z",
        "_lv": 0,
        "deploymentVersion": 3,
        "enabled": false,
        "backendId": "Bysk2QU7w",
        "modelId": "shree",
        "event": "function afterSave (event){\n /* Add Your Logic Here\t\n\t//apis.utility.logger.debug();\n\t*/\n}",
        "eventName": "afterSave",
        "_v": 1
    },
    {
        "_id": "S1S31-PLmw",
        "_deleted": true,
        "_createdAt": "2020-08-28T10:48:03.799Z",
        "_modifiedAt": "2020-08-28T10:48:03.799Z",
        "_lv": 0,
        "deploymentVersion": 3,
        "enabled": false,
        "backendId": "Bysk2QU7w",
        "modelId": "shree",
        "event": "function beforeDelete (event){\n /* Add Your Logic Here\t\n\t//apis.utility.logger.debug();\n\t*/\n}",
        "eventName": "beforeDelete",
        "_v": 1
    },
    {
        "_id": "Sy8hJWPLQP",
        "_deleted": true,
        "_createdAt": "2020-08-28T10:48:03.799Z",
        "_modifiedAt": "2020-08-28T10:48:03.799Z",
        "_lv": 0,
        "deploymentVersion": 3,
        "enabled": false,
        "backendId": "Bysk2QU7w",
        "modelId": "shree",
        "event": "function beforeRead (event){\n /* Add Your Logic Here\t\n\t//apis.utility.logger.debug();\n\t*/\n}",
        "eventName": "beforeRead",
        "_v": 1
    },
    {
        "_id": "ByEhJbDU7P",
        "_deleted": true,
        "_createdAt": "2020-08-28T10:48:03.798Z",
        "_modifiedAt": "2020-08-28T10:48:03.798Z",
        "_lv": 0,
        "deploymentVersion": 3,
        "enabled": false,
        "backendId": "Bysk2QU7w",
        "modelId": "shree",
        "event": "function beforeSave (event){\n /* Add Your Logic Here\t\n\t//apis.utility.logger.debug();\n\t*/\n}",
        "eventName": "beforeSave",
        "_v": 1
    },
    {
        "_id": "B1IYBAO1BD",
        "_deleted": false,
        "_createdAt": "2020-09-16T12:00:01.026Z",
        "_modifiedAt": "2020-09-16T12:00:01.026Z",
        "_lv": 0,
        "deploymentVersion": 21,
        "enabled": false,
        "backendId": "Bysk2QU7w",
        "modelId": "test",
        "event": "function afterDelete (event){\n /* Add Your Logic Here\t\n\t//apis.utility.logger.debug();\n\t*/\n}",
        "eventName": "afterDelete",
        "_v": 1
    },
    {
        "_id": "HJVYSCd1HD",
        "_deleted": false,
        "_createdAt": "2020-09-16T12:00:01.024Z",
        "_modifiedAt": "2020-09-16T12:00:01.024Z",
        "_lv": 0,
        "deploymentVersion": 21,
        "enabled": false,
        "backendId": "Bysk2QU7w",
        "modelId": "test",
        "event": "function afterRead (event){\n /* Add Your Logic Here\t\n\t//apis.utility.logger.debug();\n\t*/\n}",
        "eventName": "afterRead",
        "_v": 1
    },
    {
        "_id": "ryZtBC_1Hw",
        "_deleted": false,
        "_createdAt": "2020-09-16T12:00:01.019Z",
        "_modifiedAt": "2020-09-16T12:00:01.019Z",
        "_lv": 0,
        "deploymentVersion": 21,
        "enabled": false,
        "backendId": "Bysk2QU7w",
        "modelId": "test",
        "event": "function afterSave (event){\n /* Add Your Logic Here\t\n\t//apis.utility.logger.debug();\n\t*/\n}",
        "eventName": "afterSave",
        "_v": 1
    },
    {
        "_id": "BkftSROkHD",
        "_deleted": false,
        "_createdAt": "2020-09-16T12:00:01.022Z",
        "_modifiedAt": "2020-09-16T12:00:01.022Z",
        "_lv": 0,
        "deploymentVersion": 21,
        "enabled": false,
        "backendId": "Bysk2QU7w",
        "modelId": "test",
        "event": "function beforeDelete (event){\n /* Add Your Logic Here\t\n\t//apis.utility.logger.debug();\n\t*/\n}",
        "eventName": "beforeDelete",
        "_v": 1
    },
    {
        "_id": "HkSKB0_JHv",
        "_deleted": false,
        "_createdAt": "2020-09-16T12:00:01.024Z",
        "_modifiedAt": "2020-09-16T12:00:01.024Z",
        "_lv": 0,
        "deploymentVersion": 21,
        "enabled": false,
        "backendId": "Bysk2QU7w",
        "modelId": "test",
        "event": "function beforeRead (event){\n /* Add Your Logic Here\t\n\t//apis.utility.logger.debug();\n\t*/\n}",
        "eventName": "beforeRead",
        "_v": 1
    },
    {
        "_id": "rJXYS0dkrw",
        "_deleted": false,
        "_createdAt": "2020-09-16T12:00:01.023Z",
        "_modifiedAt": "2020-09-16T12:00:01.023Z",
        "_lv": 0,
        "deploymentVersion": 21,
        "enabled": false,
        "backendId": "Bysk2QU7w",
        "modelId": "test",
        "event": "function beforeSave (event){\n /* Add Your Logic Here\t\n\t//apis.utility.logger.debug();\n\t*/\n}",
        "eventName": "beforeSave",
        "_v": 1
    },
    {
        "_id": "B1GimcYh4w",
        "_deleted": true,
        "_createdAt": "2020-09-14T06:13:55.458Z",
        "_modifiedAt": "2020-09-14T06:13:55.458Z",
        "_lv": 0,
        "deploymentVersion": 12,
        "enabled": false,
        "backendId": "Bysk2QU7w",
        "modelId": "test",
        "event": "function afterDelete (event){\n /* Add Your Logic Here\t\n\t//apis.utility.logger.debug();\n\t*/\n}",
        "eventName": "afterDelete",
        "_v": 1
    },
    {
        "_id": "BkEjmqKhVD",
        "_deleted": true,
        "_createdAt": "2020-09-14T06:13:55.459Z",
        "_modifiedAt": "2020-09-14T06:13:55.459Z",
        "_lv": 0,
        "deploymentVersion": 12,
        "enabled": false,
        "backendId": "Bysk2QU7w",
        "modelId": "test",
        "event": "function afterRead (event){\n /* Add Your Logic Here\t\n\t//apis.utility.logger.debug();\n\t*/\n}",
        "eventName": "afterRead",
        "_v": 1
    },
    {
        "_id": "SkBjQqFn4D",
        "_deleted": true,
        "_createdAt": "2020-09-14T06:13:55.460Z",
        "_modifiedAt": "2020-09-14T06:13:55.460Z",
        "_lv": 0,
        "deploymentVersion": 12,
        "enabled": false,
        "backendId": "Bysk2QU7w",
        "modelId": "test",
        "event": "function afterSave (event){\n /* Add Your Logic Here\t\n\t//apis.utility.logger.debug();\n\t*/\n}",
        "eventName": "afterSave",
        "_v": 1
    },
    {
        "_id": "HkLim9F3ND",
        "_deleted": true,
        "_createdAt": "2020-09-14T06:13:55.460Z",
        "_modifiedAt": "2020-09-14T06:13:55.460Z",
        "_lv": 0,
        "deploymentVersion": 12,
        "enabled": false,
        "backendId": "Bysk2QU7w",
        "modelId": "test",
        "event": "function beforeDelete (event){\n /* Add Your Logic Here\t\n\t//apis.utility.logger.debug();\n\t*/\n}",
        "eventName": "beforeDelete",
        "_v": 1
    },
    {
        "_id": "rJWiQqKnNw",
        "_deleted": true,
        "_createdAt": "2020-09-14T06:13:55.451Z",
        "_modifiedAt": "2020-09-14T06:13:55.451Z",
        "_lv": 0,
        "deploymentVersion": 12,
        "enabled": false,
        "backendId": "Bysk2QU7w",
        "modelId": "test",
        "event": "function beforeRead (event){\n /* Add Your Logic Here\t\n\t//apis.utility.logger.debug();\n\t*/\n}",
        "eventName": "beforeRead",
        "_v": 1
    },
    {
        "_id": "rJXoQ9YhVw",
        "_deleted": true,
        "_createdAt": "2020-09-14T06:13:55.459Z",
        "_modifiedAt": "2020-09-14T06:13:55.459Z",
        "_lv": 0,
        "deploymentVersion": 12,
        "enabled": false,
        "backendId": "Bysk2QU7w",
        "modelId": "test",
        "event": "function beforeSave (event){\n /* Add Your Logic Here\t\n\t//apis.utility.logger.debug();\n\t*/\n}",
        "eventName": "beforeSave",
        "_v": 1
    },
    {
        "_id": "B1M_exDy4P",
        "_deleted": true,
        "_createdAt": "2020-09-04T06:34:23.672Z",
        "_modifiedAt": "2020-09-04T06:34:23.672Z",
        "_lv": 0,
        "deploymentVersion": 9,
        "enabled": false,
        "backendId": "Bysk2QU7w",
        "modelId": "test1",
        "event": "function afterDelete (event){\n /* Add Your Logic Here\t\n\t//apis.utility.logger.debug();\n\t*/\n}",
        "eventName": "afterDelete",
        "_v": 1
    },
    {
        "_id": "BySdggvJNw",
        "_deleted": true,
        "_createdAt": "2020-09-04T06:34:23.673Z",
        "_modifiedAt": "2020-09-04T06:34:23.673Z",
        "_lv": 0,
        "deploymentVersion": 9,
        "enabled": false,
        "backendId": "Bysk2QU7w",
        "modelId": "test1",
        "event": "function afterRead (event){\n /* Add Your Logic Here\t\n\t//apis.utility.logger.debug();\n\t*/\n}",
        "eventName": "afterRead",
        "_v": 1
    },
    {
        "_id": "BklOggPk4D",
        "_deleted": true,
        "_createdAt": "2020-09-04T06:34:23.669Z",
        "_modifiedAt": "2020-09-04T06:34:23.669Z",
        "_lv": 0,
        "deploymentVersion": 9,
        "enabled": false,
        "backendId": "Bysk2QU7w",
        "modelId": "test1",
        "event": "function afterSave (event){\n /* Add Your Logic Here\t\n\t//apis.utility.logger.debug();\n\t*/\n}",
        "eventName": "afterSave",
        "_v": 1
    },
    {
        "_id": "HJmdeePyEP",
        "_deleted": true,
        "_createdAt": "2020-09-04T06:34:23.672Z",
        "_modifiedAt": "2020-09-04T06:34:23.672Z",
        "_lv": 0,
        "deploymentVersion": 9,
        "enabled": false,
        "backendId": "Bysk2QU7w",
        "modelId": "test1",
        "event": "function beforeDelete (event){\n /* Add Your Logic Here\t\n\t//apis.utility.logger.debug();\n\t*/\n}",
        "eventName": "beforeDelete",
        "_v": 1
    },
    {
        "_id": "S1Wdeev1NP",
        "_deleted": true,
        "_createdAt": "2020-09-04T06:34:23.671Z",
        "_modifiedAt": "2020-09-04T06:34:23.671Z",
        "_lv": 0,
        "deploymentVersion": 9,
        "enabled": false,
        "backendId": "Bysk2QU7w",
        "modelId": "test1",
        "event": "function beforeRead (event){\n /* Add Your Logic Here\t\n\t//apis.utility.logger.debug();\n\t*/\n}",
        "eventName": "beforeRead",
        "_v": 1
    },
    {
        "_id": "rJVdxgwyNv",
        "_deleted": true,
        "_createdAt": "2020-09-04T06:34:23.672Z",
        "_modifiedAt": "2020-09-04T06:34:23.672Z",
        "_lv": 0,
        "deploymentVersion": 9,
        "enabled": false,
        "backendId": "Bysk2QU7w",
        "modelId": "test1",
        "event": "function beforeSave (event){\n /* Add Your Logic Here\t\n\t//apis.utility.logger.debug();\n\t*/\n}",
        "eventName": "beforeSave",
        "_v": 1
    },
    {
        "_id": "rklrPU7kHD",
        "_deleted": false,
        "_createdAt": "2020-09-16T05:45:00.605Z",
        "_modifiedAt": "2020-09-16T05:45:00.605Z",
        "_lv": 0,
        "deploymentVersion": 18,
        "enabled": false,
        "backendId": "Bysk2QU7w",
        "modelId": "testdebug",
        "event": "function afterDelete (event){\n /* Add Your Logic Here\t\n\t//apis.utility.logger.debug();\n\t*/\n}",
        "eventName": "afterDelete",
        "_v": 1
    },
    {
        "_id": "rJBHDIXJSw",
        "_deleted": false,
        "_createdAt": "2020-09-16T05:45:00.608Z",
        "_modifiedAt": "2020-09-16T05:45:00.608Z",
        "_lv": 0,
        "deploymentVersion": 18,
        "enabled": false,
        "backendId": "Bysk2QU7w",
        "modelId": "testdebug",
        "event": "function afterRead (event){\n /* Add Your Logic Here\t\n\t//apis.utility.logger.debug();\n\t*/\n}",
        "eventName": "afterRead",
        "_v": 1
    },
    {
        "_id": "rkGrPU71Hw",
        "_deleted": false,
        "_createdAt": "2020-09-16T05:45:00.607Z",
        "_modifiedAt": "2020-09-16T05:45:00.607Z",
        "_lv": 0,
        "deploymentVersion": 18,
        "enabled": false,
        "backendId": "Bysk2QU7w",
        "modelId": "testdebug",
        "event": "function afterSave (event){\n /* Add Your Logic Here\t\n\t//apis.utility.logger.debug();\n\t*/\n}",
        "eventName": "afterSave",
        "_v": 1
    },
    {
        "_id": "rkXrvLQkSv",
        "_deleted": false,
        "_createdAt": "2020-09-16T05:45:00.607Z",
        "_modifiedAt": "2020-09-16T05:45:00.607Z",
        "_lv": 0,
        "deploymentVersion": 18,
        "enabled": false,
        "backendId": "Bysk2QU7w",
        "modelId": "testdebug",
        "event": "function beforeDelete (event){\n /* Add Your Logic Here\t\n\t//apis.utility.logger.debug();\n\t*/\n}",
        "eventName": "beforeDelete",
        "_v": 1
    },
    {
        "_id": "ryEBPUm1SD",
        "_deleted": false,
        "_createdAt": "2020-09-16T05:45:00.608Z",
        "_modifiedAt": "2020-09-16T05:45:00.608Z",
        "_lv": 0,
        "deploymentVersion": 18,
        "enabled": false,
        "backendId": "Bysk2QU7w",
        "modelId": "testdebug",
        "event": "function beforeRead (event){\n /* Add Your Logic Here\t\n\t//apis.utility.logger.debug();\n\t*/\n}",
        "eventName": "beforeRead",
        "_v": 1
    },
    {
        "_id": "B1bBPUQ1BP",
        "_deleted": false,
        "_createdAt": "2020-09-16T05:45:00.606Z",
        "_modifiedAt": "2020-09-16T05:45:00.606Z",
        "_lv": 0,
        "deploymentVersion": 18,
        "enabled": false,
        "backendId": "Bysk2QU7w",
        "modelId": "testdebug",
        "event": "function beforeSave (event){\n /* Add Your Logic Here\t\n\t//apis.utility.logger.debug();\n\t*/\n}",
        "eventName": "beforeSave",
        "_v": 1
    },
    {
        "_id": "rybjpq4kSw",
        "_deleted": false,
        "_createdAt": "2020-09-16T07:12:02.604Z",
        "_modifiedAt": "2020-09-16T07:12:02.604Z",
        "_lv": 0,
        "deploymentVersion": 20,
        "enabled": false,
        "backendId": "Bysk2QU7w",
        "modelId": "testegithub",
        "event": "function afterDelete (event){\n /* Add Your Logic Here\t\n\t//apis.utility.logger.debug();\n\t*/\n}",
        "eventName": "afterDelete",
        "_v": 1
    },
    {
        "_id": "S1BsT94yHP",
        "_deleted": false,
        "_createdAt": "2020-09-16T07:12:02.605Z",
        "_modifiedAt": "2020-09-16T07:12:02.605Z",
        "_lv": 0,
        "deploymentVersion": 20,
        "enabled": false,
        "backendId": "Bysk2QU7w",
        "modelId": "testegithub",
        "event": "function afterRead (event){\n /* Add Your Logic Here\t\n\t//apis.utility.logger.debug();\n\t*/\n}",
        "eventName": "afterRead",
        "_v": 1
    },
    {
        "_id": "B1xs69VyBD",
        "_deleted": false,
        "_createdAt": "2020-09-16T07:12:02.602Z",
        "_modifiedAt": "2020-09-16T07:12:02.602Z",
        "_lv": 0,
        "deploymentVersion": 20,
        "enabled": false,
        "backendId": "Bysk2QU7w",
        "modelId": "testegithub",
        "event": "function afterSave (event){\n /* Add Your Logic Here\t\n\t//apis.utility.logger.debug();\n\t*/\n}",
        "eventName": "afterSave",
        "_v": 1
    },
    {
        "_id": "rkQjp5NJHw",
        "_deleted": false,
        "_createdAt": "2020-09-16T07:12:02.605Z",
        "_modifiedAt": "2020-09-16T07:12:02.605Z",
        "_lv": 0,
        "deploymentVersion": 20,
        "enabled": false,
        "backendId": "Bysk2QU7w",
        "modelId": "testegithub",
        "event": "function beforeDelete (event){\n /* Add Your Logic Here\t\n\t//apis.utility.logger.debug();\n\t*/\n}",
        "eventName": "beforeDelete",
        "_v": 1
    },
    {
        "_id": "BJMip541rv",
        "_deleted": false,
        "_createdAt": "2020-09-16T07:12:02.604Z",
        "_modifiedAt": "2020-09-16T07:12:02.604Z",
        "_lv": 0,
        "deploymentVersion": 20,
        "enabled": false,
        "backendId": "Bysk2QU7w",
        "modelId": "testegithub",
        "event": "function beforeRead (event){\n /* Add Your Logic Here\t\n\t//apis.utility.logger.debug();\n\t*/\n}",
        "eventName": "beforeRead",
        "_v": 1
    },
    {
        "_id": "H14j6cEySw",
        "_deleted": false,
        "_createdAt": "2020-09-16T07:12:02.605Z",
        "_modifiedAt": "2020-09-16T07:12:02.605Z",
        "_lv": 0,
        "deploymentVersion": 20,
        "enabled": false,
        "backendId": "Bysk2QU7w",
        "modelId": "testegithub",
        "event": "function beforeSave (event){\n /* Add Your Logic Here\t\n\t//apis.utility.logger.debug();\n\t*/\n}",
        "eventName": "beforeSave",
        "_v": 1
    },
    {
        "_id": "rkmadTqJBP",
        "_deleted": false,
        "_createdAt": "2020-09-16T14:13:09.234Z",
        "_modifiedAt": "2020-09-16T14:13:09.234Z",
        "_lv": 0,
        "deploymentVersion": 22,
        "enabled": false,
        "backendId": "Bysk2QU7w",
        "modelId": "testonew",
        "event": "function afterDelete (event){\n /* Add Your Logic Here\t\n\t//apis.utility.logger.debug();\n\t*/\n}",
        "eventName": "afterDelete",
        "_v": 1
    },
    {
        "_id": "rk8TupckBP",
        "_deleted": false,
        "_createdAt": "2020-09-16T14:13:09.240Z",
        "_modifiedAt": "2020-09-16T14:13:09.240Z",
        "_lv": 0,
        "deploymentVersion": 22,
        "enabled": false,
        "backendId": "Bysk2QU7w",
        "modelId": "testonew",
        "event": "function afterRead (event){\n /* Add Your Logic Here\t\n\t//apis.utility.logger.debug();\n\t*/\n}",
        "eventName": "afterRead",
        "_v": 1
    },
    {
        "_id": "BkHTd6q1Sw",
        "_deleted": false,
        "_createdAt": "2020-09-16T14:13:09.237Z",
        "_modifiedAt": "2020-09-16T14:13:09.237Z",
        "_lv": 0,
        "deploymentVersion": 22,
        "enabled": false,
        "backendId": "Bysk2QU7w",
        "modelId": "testonew",
        "event": "function afterSave (event){\n /* Add Your Logic Here\t\n\t//apis.utility.logger.debug();\n\t*/\n}",
        "eventName": "afterSave",
        "_v": 1
    },
    {
        "_id": "rJzpOp51HP",
        "_deleted": false,
        "_createdAt": "2020-09-16T14:13:09.234Z",
        "_modifiedAt": "2020-09-16T14:13:09.234Z",
        "_lv": 0,
        "deploymentVersion": 22,
        "enabled": false,
        "backendId": "Bysk2QU7w",
        "modelId": "testonew",
        "event": "function beforeDelete (event){\n /* Add Your Logic Here\t\n\t//apis.utility.logger.debug();\n\t*/\n}",
        "eventName": "beforeDelete",
        "_v": 1
    },
    {
        "_id": "HJbTuaqJSP",
        "_deleted": false,
        "_createdAt": "2020-09-16T14:13:09.233Z",
        "_modifiedAt": "2020-09-16T14:13:09.233Z",
        "_lv": 0,
        "deploymentVersion": 22,
        "enabled": false,
        "backendId": "Bysk2QU7w",
        "modelId": "testonew",
        "event": "function beforeRead (event){\n /* Add Your Logic Here\t\n\t//apis.utility.logger.debug();\n\t*/\n}",
        "eventName": "beforeRead",
        "_v": 1
    },
    {
        "_id": "Hy4Td6q1rP",
        "_deleted": false,
        "_createdAt": "2020-09-16T14:13:09.237Z",
        "_modifiedAt": "2020-09-16T14:13:09.237Z",
        "_lv": 0,
        "deploymentVersion": 22,
        "enabled": false,
        "backendId": "Bysk2QU7w",
        "modelId": "testonew",
        "event": "function beforeSave (event){\n /* Add Your Logic Here\t\n\t//apis.utility.logger.debug();\n\t*/\n}",
        "eventName": "beforeSave",
        "_v": 1
    },
    {
        "_id": "r1V5oXchNw",
        "_deleted": false,
        "_createdAt": "2020-09-14T06:54:26.248Z",
        "_modifiedAt": "2020-09-14T06:54:26.248Z",
        "_lv": 0,
        "deploymentVersion": 13,
        "enabled": false,
        "backendId": "Bysk2QU7w",
        "modelId": "workflowxzxz",
        "event": "function afterDelete (event){\n /* Add Your Logic Here\t\n\t//apis.utility.logger.debug();\n\t*/\n}",
        "eventName": "afterDelete",
        "_v": 1
    },
    {
        "_id": "SyQ9oQq2Ev",
        "_deleted": false,
        "_createdAt": "2020-09-14T06:54:26.247Z",
        "_modifiedAt": "2020-09-14T06:54:26.247Z",
        "_lv": 0,
        "deploymentVersion": 13,
        "enabled": false,
        "backendId": "Bysk2QU7w",
        "modelId": "workflowxzxz",
        "event": "function afterRead (event){\n /* Add Your Logic Here\t\n\t//apis.utility.logger.debug();\n\t*/\n}",
        "eventName": "afterRead",
        "_v": 1
    },
    {
        "_id": "SkM5iX52ED",
        "_deleted": false,
        "_createdAt": "2020-09-14T06:54:26.247Z",
        "_modifiedAt": "2020-09-14T06:54:26.247Z",
        "_lv": 0,
        "deploymentVersion": 13,
        "enabled": false,
        "backendId": "Bysk2QU7w",
        "modelId": "workflowxzxz",
        "event": "function afterSave (event){\n /* Add Your Logic Here\t\n\t//apis.utility.logger.debug();\n\t*/\n}",
        "eventName": "afterSave",
        "_v": 1
    },
    {
        "_id": "BkW9jQ93Nv",
        "_deleted": false,
        "_createdAt": "2020-09-14T06:54:26.246Z",
        "_modifiedAt": "2020-09-14T06:54:26.246Z",
        "_lv": 0,
        "deploymentVersion": 13,
        "enabled": false,
        "backendId": "Bysk2QU7w",
        "modelId": "workflowxzxz",
        "event": "function beforeDelete (event){\n /* Add Your Logic Here\t\n\t//apis.utility.logger.debug();\n\t*/\n}",
        "eventName": "beforeDelete",
        "_v": 1
    },
    {
        "_id": "HkI5iQ924w",
        "_deleted": false,
        "_createdAt": "2020-09-14T06:54:26.250Z",
        "_modifiedAt": "2020-09-14T06:54:26.250Z",
        "_lv": 0,
        "deploymentVersion": 13,
        "enabled": false,
        "backendId": "Bysk2QU7w",
        "modelId": "workflowxzxz",
        "event": "function beforeRead (event){\n /* Add Your Logic Here\t\n\t//apis.utility.logger.debug();\n\t*/\n}",
        "eventName": "beforeRead",
        "_v": 1
    },
    {
        "_id": "S1Scom9h4P",
        "_deleted": false,
        "_createdAt": "2020-09-14T06:54:26.250Z",
        "_modifiedAt": "2020-09-14T06:54:26.250Z",
        "_lv": 0,
        "deploymentVersion": 13,
        "enabled": false,
        "backendId": "Bysk2QU7w",
        "modelId": "workflowxzxz",
        "event": "function beforeSave (event){\n /* Add Your Logic Here\t\n\t//apis.utility.logger.debug();\n\t*/\n}",
        "eventName": "beforeSave",
        "_v": 1
    }
]