{
    "resources": [
        "extensionmethods",
        "workflows",
        "relations",
        "events",
        "working"
    ],
    "oldBackendRecord": {
        "_id": "Bysk2QU7w",
        "name": "scarletdragonfly",
        "description": "",
        "uniquename": "scarletdragonfly",
        "appId": "bitpod",
        "cors": {
            "maxAge": 86400,
            "credentials": true,
            "origin": true
        },
        "routes": [
            {
                "value": "/index.html",
                "key": "*"
            }
        ],
        "status": 235,
        "_createdBy": "bhagyshree@bitpod.io",
        "_createdAt": "2020-08-28T07:01:55.113Z",
        "_updatedBy": "bhagyshree@bitpod.io",
        "schemaversion": "2.0",
        "maintenance": {
            "ETA": 0,
            "reason": 0,
            "active": false
        },
        "database": {
            "name": "bitpod_scarletdragonfly_g0zex",
            "password": "qc14v",
            "username": "8ly7o"
        },
        "instance": {
            "deploymentJson": {
                "endPoints": {
                    "mongodb": {
                        "subsets": [
                            {
                                "ports": [
                                    {
                                        "protocol": "TCP",
                                        "port": 27017
                                    }
                                ],
                                "addresses": [
                                    {
                                        "ip": ""
                                    }
                                ]
                            }
                        ],
                        "metadata": {
                            "name": "mongodb"
                        },
                        "apiVersion": "v1",
                        "kind": "Endpoints"
                    }
                },
                "sfs": {
                    "nginx": {
                        "spec": {
                            "template": {
                                "spec": {
                                    "containers": [
                                        {
                                            "ports": [
                                                {
                                                    "containerPort": 8085,
                                                    "name": "web"
                                                }
                                            ],
                                            "image": "bitpod/dev-instanceproxy:feat_5126-27a5d3f0",
                                            "name": "nginx"
                                        }
                                    ]
                                },
                                "metadata": {
                                    "labels": {
                                        "tier": "proxy",
                                        "app": "backend"
                                    }
                                }
                            },
                            "replicas": 1,
                            "serviceName": "nginx"
                        },
                        "metadata": {
                            "name": "nginx",
                            "namespace": "dev-bitpod-scarletdragonfly"
                        },
                        "kind": "StatefulSet",
                        "apiVersion": "apps/v1beta1"
                    },
                    "bm": {
                        "spec": {
                            "template": {
                                "spec": {
                                    "volumes": [
                                        {
                                            "name": "code"
                                        },
                                        {
                                            "name": "download"
                                        }
                                    ],
                                    "containers": [
                                        {
                                            "readinessProbe": {
                                                "periodSeconds": 5,
                                                "initialDelaySeconds": 5,
                                                "httpGet": {
                                                    "port": 3001,
                                                    "path": "/healthz/"
                                                }
                                            },
                                            "volumeMounts": [
                                                {
                                                    "mountPath": "/var/code",
                                                    "name": "code"
                                                },
                                                {
                                                    "mountPath": "/var/download",
                                                    "name": "download"
                                                }
                                            ],
                                            "ports": [
                                                {
                                                    "containerPort": 3001,
                                                    "name": "web"
                                                }
                                            ],
                                            "env": [
                                                {
                                                    "value": "/var/download",
                                                    "name": "DOWNLOAD_PATH"
                                                },
                                                {
                                                    "value": "https://outlook.office.com/webhook/28b98568-d712-43b0-acab-dc662d48af10@6afcd346-7cb2-46db-897d-c639dbdf0449/IncomingWebhook/04e0ec50319d44c883b86e0f0f7f8d7f/3c5aff45-eca1-4c5b-bec5-6e3876b0c31b",
                                                    "name": "WEBHOOK_URL"
                                                },
                                                {
                                                    "value": "https://outlook.office.com/webhook/28b98568-d712-43b0-acab-dc662d48af10@6afcd346-7cb2-46db-897d-c639dbdf0449/IncomingWebhook/5d616aff7a164791aa8a30adc42ea48e/3c5aff45-eca1-4c5b-bec5-6e3876b0c31b",
                                                    "name": "WEBHOOK_ERRORS_URL"
                                                },
                                                {
                                                    "value": "8ly7o",
                                                    "name": "MONGO_USER"
                                                },
                                                {
                                                    "value": "qc14v",
                                                    "name": "MONGO_PASSWORD"
                                                },
                                                {
                                                    "value": "bitpod_scarletdragonfly_g0zex",
                                                    "name": "MONGO_DATABASE"
                                                },
                                                {
                                                    "valueFrom": {
                                                        "fieldRef": {
                                                            "fieldPath": "metadata.namespace"
                                                        }
                                                    },
                                                    "name": "POD_NAMESPACE"
                                                },
                                                {
                                                    "value": "bm",
                                                    "name": "TIER"
                                                }
                                            ],
                                            "image": "bitpod/dev-baasinstance:task_5130_v8-b0355d8f",
                                            "name": "bm"
                                        }
                                    ]
                                },
                                "metadata": {
                                    "labels": {
                                        "tier": "bm",
                                        "app": "backend"
                                    }
                                }
                            },
                            "replicas": 1,
                            "serviceName": "bm"
                        },
                        "metadata": {
                            "name": "bm",
                            "namespace": "dev-bitpod-scarletdragonfly"
                        },
                        "kind": "StatefulSet",
                        "apiVersion": "apps/v1beta1"
                    },
                    "engine": {
                        "spec": {
                            "template": {
                                "spec": {
                                    "volumes": [
                                        {
                                            "name": "code"
                                        },
                                        {
                                            "name": "download"
                                        }
                                    ],
                                    "containers": [
                                        {
                                            "volumeMounts": [
                                                {
                                                    "mountPath": "/var/code",
                                                    "name": "code"
                                                },
                                                {
                                                    "mountPath": "/var/download",
                                                    "name": "download"
                                                }
                                            ],
                                            "ports": [
                                                {
                                                    "containerPort": 3000,
                                                    "name": "web"
                                                }
                                            ],
                                            "env": [
                                                {
                                                    "value": "/var/download",
                                                    "name": "DOWNLOAD_PATH"
                                                },
                                                {
                                                    "value": "https://outlook.office.com/webhook/28b98568-d712-43b0-acab-dc662d48af10@6afcd346-7cb2-46db-897d-c639dbdf0449/IncomingWebhook/04e0ec50319d44c883b86e0f0f7f8d7f/3c5aff45-eca1-4c5b-bec5-6e3876b0c31b",
                                                    "name": "WEBHOOK_URL"
                                                },
                                                {
                                                    "value": "https://outlook.office.com/webhook/28b98568-d712-43b0-acab-dc662d48af10@6afcd346-7cb2-46db-897d-c639dbdf0449/IncomingWebhook/5d616aff7a164791aa8a30adc42ea48e/3c5aff45-eca1-4c5b-bec5-6e3876b0c31b",
                                                    "name": "WEBHOOK_ERRORS_URL"
                                                },
                                                {
                                                    "value": "8ly7o",
                                                    "name": "MONGO_USER"
                                                },
                                                {
                                                    "value": "qc14v",
                                                    "name": "MONGO_PASSWORD"
                                                },
                                                {
                                                    "value": "bitpod_scarletdragonfly_g0zex",
                                                    "name": "MONGO_DATABASE"
                                                },
                                                {
                                                    "value": "scarletdragonfly",
                                                    "name": "TENANT_ID"
                                                },
                                                {
                                                    "valueFrom": {
                                                        "fieldRef": {
                                                            "fieldPath": "metadata.namespace"
                                                        }
                                                    },
                                                    "name": "POD_NAMESPACE"
                                                },
                                                {
                                                    "value": "engine",
                                                    "name": "TIER"
                                                },
                                                {
                                                    "value": "engine",
                                                    "name": "USER_PROFILE_SITE_URL"
                                                },
                                                {
                                                    "value": "engine",
                                                    "name": "PLATFORM_SERVICE_URL"
                                                },
                                                {
                                                    "value": "engine",
                                                    "name": "INSTANCE_URL"
                                                }
                                            ],
                                            "image": "bitpod/dev-baasinstance:task_5130_v8-b0355d8f",
                                            "name": "engine"
                                        }
                                    ]
                                },
                                "metadata": {
                                    "labels": {
                                        "tier": "engine",
                                        "app": "backend"
                                    }
                                }
                            },
                            "replicas": 1,
                            "serviceName": "engine"
                        },
                        "metadata": {
                            "name": "engine",
                            "namespace": "dev-bitpod-scarletdragonfly"
                        },
                        "kind": "StatefulSet",
                        "apiVersion": "apps/v1beta1"
                    },
                    "redis": {
                        "spec": {
                            "template": {
                                "spec": {
                                    "containers": [
                                        {
                                            "ports": [
                                                {
                                                    "containerPort": 6379,
                                                    "name": "web"
                                                }
                                            ],
                                            "image": "redis:alpine",
                                            "name": "redis"
                                        }
                                    ]
                                },
                                "metadata": {
                                    "labels": {
                                        "tier": "redis",
                                        "app": "backend"
                                    }
                                }
                            },
                            "replicas": 1,
                            "serviceName": "redis"
                        },
                        "metadata": {
                            "name": "redis",
                            "namespace": "dev-bitpod-scarletdragonfly"
                        },
                        "kind": "StatefulSet",
                        "apiVersion": "apps/v1beta1"
                    }
                },
                "svc": {
                    "nginx": {
                        "spec": {
                            "ports": [
                                {
                                    "targetPort": 8085,
                                    "port": 80
                                }
                            ],
                            "selector": {
                                "tier": "proxy",
                                "app": "backend"
                            },
                            "type": "ClusterIP"
                        },
                        "metadata": {
                            "labels": {
                                "tier": "proxy",
                                "app": "backend"
                            },
                            "namespace": "dev-bitpod-scarletdragonfly",
                            "name": "nginx"
                        },
                        "kind": "Service",
                        "apiVersion": "v1"
                    },
                    "bm": {
                        "spec": {
                            "ports": [
                                {
                                    "targetPort": 3001,
                                    "port": 3001
                                }
                            ],
                            "selector": {
                                "tier": "bm",
                                "app": "backend"
                            }
                        },
                        "metadata": {
                            "labels": {
                                "tier": "bm",
                                "app": "backend"
                            },
                            "namespace": "dev-bitpod-scarletdragonfly",
                            "name": "bm"
                        },
                        "kind": "Service",
                        "apiVersion": "v1"
                    },
                    "engine": {
                        "spec": {
                            "ports": [
                                {
                                    "targetPort": 3000,
                                    "port": 3000,
                                    "name": "web"
                                },
                                {
                                    "targetPort": 5000,
                                    "port": 5000,
                                    "name": "websocket"
                                }
                            ],
                            "selector": {
                                "tier": "engine",
                                "app": "backend"
                            }
                        },
                        "metadata": {
                            "labels": {
                                "tier": "engine",
                                "app": "backend"
                            },
                            "namespace": "dev-bitpod-scarletdragonfly",
                            "name": "engine"
                        },
                        "kind": "Service",
                        "apiVersion": "v1"
                    },
                    "mongodb": {
                        "spec": {
                            "ports": [
                                {
                                    "targetPort": 27017,
                                    "port": 27017,
                                    "protocol": "TCP"
                                }
                            ]
                        },
                        "metadata": {
                            "name": "mongodb"
                        },
                        "apiVersion": "v1",
                        "kind": "Service"
                    },
                    "redis": {
                        "spec": {
                            "ports": [
                                {
                                    "targetPort": 6379,
                                    "port": 6379
                                }
                            ],
                            "selector": {
                                "tier": "redis",
                                "app": "backend"
                            }
                        },
                        "metadata": {
                            "labels": {
                                "tier": "redis",
                                "app": "backend"
                            },
                            "namespace": "dev-bitpod-scarletdragonfly",
                            "name": "redis"
                        },
                        "kind": "Service",
                        "apiVersion": "v1"
                    }
                },
                "ns": {
                    "metadata": {
                        "name": "dev-bitpod-scarletdragonfly"
                    },
                    "kind": "Namespace",
                    "apiVersion": "v1"
                },
                "metadata": {
                    "namespace": "dev-bitpod-scarletdragonfly"
                }
            }
        },
        "users": [
            "bhagyshree@bitpod.io"
        ],
        "authClients": {
            "clientCreds": {
                "clientSecret": "676e505ab5ecfc91b5d153bccc5aabc1f85e5dd7",
                "clientId": "fa13e512f2292a3a57067ee330e76e46c01f962d"
            },
            "bpmnBaasClient": {
                "clientSecret": "d96cd4612b92cb5b606f9e0ca011916d7ee5b7ca",
                "clientId": "3fa794c66cf28bfead56ee57c4be1f00406584ab"
            }
        },
        "accessKeys": [
            {
                "modifiedAt": 1598598115113,
                "createdAt": 1598598115113,
                "userId": "bhagyshree@bitpod.io",
                "isActive": true,
                "key": "74c7a142d869b9f76e480cbf7971e93d8f883bc6a221b0e0713166b803c0936c8c57c4b0f4f707f96672df4a96900232"
            }
        ],
        "cleanLogs": [
            {
                "_id": "5f64c996c0466d000d734517",
                "type": "info",
                "time": "2020-09-18T14:52:06.818Z",
                "log": "starting clean deployment"
            },
            {
                "_id": "5f64c996c0466d000d734518",
                "type": "info",
                "time": "2020-09-18T14:52:06.831Z",
                "log": "preparing to delete resources."
            },
            {
                "_id": "5f64c996c0466d000d734519",
                "type": "info",
                "time": "2020-09-18T14:52:06.844Z",
                "log": "deleted all pending changes."
            },
            {
                "_id": "5f64c996c0466d000d73451a",
                "type": "info",
                "time": "2020-09-18T14:52:06.946Z",
                "log": "Restored last deployments"
            },
            {
                "_id": "5f64c997c0466d000d73451b",
                "type": "info",
                "time": "2020-09-18T14:52:07.409Z",
                "log": "updates current deployment with last active deployment."
            },
            {
                "_id": "5f64c997c0466d000d73451c",
                "type": "info",
                "time": "2020-09-18T14:52:07.432Z",
                "log": "deployment cleaning complete."
            }
        ],
        "roleMapping": {
            "InstanceOwner": [
                "bhagyshree@bitpod.io"
            ]
        },
        "jobId": "1098",
        "codeVersion": 29,
        "instanceUrl": "http://34.73.82.229:30507",
        "microServices": [
            {
                "status": {
                    "loadBalancer": {}
                },
                "spec": {
                    "sessionAffinity": "None",
                    "type": "ClusterIP",
                    "clusterIP": "10.3.253.178",
                    "selector": {
                        "tier": "bm",
                        "app": "backend"
                    },
                    "ports": [
                        {
                            "targetPort": 3001,
                            "port": 3001,
                            "protocol": "TCP"
                        }
                    ]
                },
                "metadata": {
                    "annotations": {
                        "meta.helm.sh/release-namespace": "dev-bitpod-scarletdragonfly",
                        "meta.helm.sh/release-name": "dev-bitpod-scarletdragonfly"
                    },
                    "labels": {
                        "tier": "bm",
                        "serviceSpecVersion": "1",
                        "app.kubernetes.io/managed-by": "Helm",
                        "app": "backend"
                    },
                    "creationTimestamp": "2020-08-28T07:01:59Z",
                    "resourceVersion": "283363534",
                    "uid": "5e258059-e8fc-11ea-91ba-42010a8e015e",
                    "selfLink": "/api/v1/namespaces/dev-bitpod-scarletdragonfly/services/bm",
                    "namespace": "dev-bitpod-scarletdragonfly",
                    "name": "bm"
                }
            },
            {
                "status": {
                    "loadBalancer": {}
                },
                "spec": {
                    "externalName": "bpmnapi.app-activiti-dev.svc.cluster.local",
                    "sessionAffinity": "None",
                    "type": "ExternalName",
                    "ports": [
                        {
                            "targetPort": 8081,
                            "port": 8081,
                            "protocol": "TCP"
                        }
                    ]
                },
                "metadata": {
                    "annotations": {
                        "meta.helm.sh/release-namespace": "dev-bitpod-scarletdragonfly",
                        "meta.helm.sh/release-name": "dev-bitpod-scarletdragonfly"
                    },
                    "labels": {
                        "app.kubernetes.io/managed-by": "Helm"
                    },
                    "creationTimestamp": "2020-08-28T07:01:59Z",
                    "resourceVersion": "283363528",
                    "uid": "5e244b80-e8fc-11ea-91ba-42010a8e015e",
                    "selfLink": "/api/v1/namespaces/dev-bitpod-scarletdragonfly/services/bpmnapi",
                    "namespace": "dev-bitpod-scarletdragonfly",
                    "name": "bpmnapi"
                }
            },
            {
                "status": {
                    "loadBalancer": {}
                },
                "spec": {
                    "sessionAffinity": "None",
                    "type": "ClusterIP",
                    "clusterIP": "10.3.253.209",
                    "selector": {
                        "tier": "engine",
                        "app": "backend"
                    },
                    "ports": [
                        {
                            "targetPort": 3000,
                            "port": 3000,
                            "protocol": "TCP",
                            "name": "web"
                        },
                        {
                            "targetPort": 5000,
                            "port": 5000,
                            "protocol": "TCP",
                            "name": "websocket"
                        },
                        {
                            "targetPort": 8000,
                            "port": 8000,
                            "protocol": "TCP",
                            "name": "healthzcheck"
                        }
                    ]
                },
                "metadata": {
                    "annotations": {
                        "meta.helm.sh/release-namespace": "dev-bitpod-scarletdragonfly",
                        "meta.helm.sh/release-name": "dev-bitpod-scarletdragonfly"
                    },
                    "labels": {
                        "tier": "engine",
                        "serviceSpecVersion": "1",
                        "app.kubernetes.io/managed-by": "Helm",
                        "app": "backend"
                    },
                    "creationTimestamp": "2020-08-28T07:01:59Z",
                    "resourceVersion": "283363544",
                    "uid": "5e28a992-e8fc-11ea-91ba-42010a8e015e",
                    "selfLink": "/api/v1/namespaces/dev-bitpod-scarletdragonfly/services/engine",
                    "namespace": "dev-bitpod-scarletdragonfly",
                    "name": "engine"
                }
            },
            {
                "status": {
                    "loadBalancer": {}
                },
                "spec": {
                    "sessionAffinity": "None",
                    "type": "ClusterIP",
                    "clusterIP": "10.3.246.23",
                    "selector": {
                        "tier": "engine-debug",
                        "app": "backend"
                    },
                    "ports": [
                        {
                            "targetPort": 3000,
                            "port": 3000,
                            "protocol": "TCP",
                            "name": "web"
                        },
                        {
                            "targetPort": 5000,
                            "port": 5000,
                            "protocol": "TCP",
                            "name": "websocket"
                        },
                        {
                            "targetPort": 8000,
                            "port": 8000,
                            "protocol": "TCP",
                            "name": "healthzcheck"
                        }
                    ]
                },
                "metadata": {
                    "annotations": {
                        "meta.helm.sh/release-namespace": "dev-bitpod-scarletdragonfly",
                        "meta.helm.sh/release-name": "dev-bitpod-scarletdragonfly"
                    },
                    "labels": {
                        "tier": "engine-debug",
                        "serviceSpecVersion": "1",
                        "app.kubernetes.io/managed-by": "Helm",
                        "app": "backend"
                    },
                    "creationTimestamp": "2020-08-28T07:01:59Z",
                    "resourceVersion": "283363538",
                    "uid": "5e264369-e8fc-11ea-91ba-42010a8e015e",
                    "selfLink": "/api/v1/namespaces/dev-bitpod-scarletdragonfly/services/engine-debug",
                    "namespace": "dev-bitpod-scarletdragonfly",
                    "name": "engine-debug"
                }
            },
            {
                "status": {
                    "loadBalancer": {}
                },
                "spec": {
                    "externalTrafficPolicy": "Cluster",
                    "sessionAffinity": "None",
                    "type": "NodePort",
                    "clusterIP": "10.3.251.220",
                    "selector": {
                        "tier": "proxy",
                        "app": "backend"
                    },
                    "ports": [
                        {
                            "nodePort": 30507,
                            "targetPort": 8085,
                            "port": 80,
                            "protocol": "TCP",
                            "name": "http"
                        },
                        {
                            "nodePort": 32469,
                            "targetPort": 443,
                            "port": 443,
                            "protocol": "TCP",
                            "name": "https"
                        }
                    ]
                },
                "metadata": {
                    "annotations": {
                        "meta.helm.sh/release-namespace": "dev-bitpod-scarletdragonfly",
                        "meta.helm.sh/release-name": "dev-bitpod-scarletdragonfly"
                    },
                    "labels": {
                        "tier": "proxy",
                        "serviceSpecVersion": "1",
                        "app.kubernetes.io/managed-by": "Helm",
                        "app": "backend"
                    },
                    "creationTimestamp": "2020-08-28T07:01:59Z",
                    "resourceVersion": "283363560",
                    "uid": "5e2bcb26-e8fc-11ea-91ba-42010a8e015e",
                    "selfLink": "/api/v1/namespaces/dev-bitpod-scarletdragonfly/services/nginx",
                    "namespace": "dev-bitpod-scarletdragonfly",
                    "name": "nginx"
                }
            },
            {
                "status": {
                    "loadBalancer": {}
                },
                "spec": {
                    "sessionAffinity": "None",
                    "type": "ClusterIP",
                    "clusterIP": "10.3.248.107",
                    "selector": {
                        "tier": "oauth",
                        "app": "backend"
                    },
                    "ports": [
                        {
                            "targetPort": 8000,
                            "port": 8000,
                            "protocol": "TCP",
                            "name": "web"
                        }
                    ]
                },
                "metadata": {
                    "annotations": {
                        "meta.helm.sh/release-namespace": "dev-bitpod-scarletdragonfly",
                        "meta.helm.sh/release-name": "dev-bitpod-scarletdragonfly"
                    },
                    "labels": {
                        "tier": "oauth",
                        "serviceSpecVersion": "1",
                        "app.kubernetes.io/managed-by": "Helm",
                        "app": "backend"
                    },
                    "creationTimestamp": "2020-08-28T07:01:59Z",
                    "resourceVersion": "283363541",
                    "uid": "5e26f202-e8fc-11ea-91ba-42010a8e015e",
                    "selfLink": "/api/v1/namespaces/dev-bitpod-scarletdragonfly/services/oauth",
                    "namespace": "dev-bitpod-scarletdragonfly",
                    "name": "oauth"
                }
            },
            {
                "status": {
                    "loadBalancer": {}
                },
                "spec": {
                    "sessionAffinity": "None",
                    "type": "ClusterIP",
                    "clusterIP": "10.3.252.255",
                    "selector": {
                        "tier": "redis",
                        "app": "backend"
                    },
                    "ports": [
                        {
                            "targetPort": 6379,
                            "port": 6379,
                            "protocol": "TCP"
                        }
                    ]
                },
                "metadata": {
                    "annotations": {
                        "meta.helm.sh/release-namespace": "dev-bitpod-scarletdragonfly",
                        "meta.helm.sh/release-name": "dev-bitpod-scarletdragonfly"
                    },
                    "labels": {
                        "tier": "redis",
                        "serviceSpecVersion": "1",
                        "app.kubernetes.io/managed-by": "Helm",
                        "app": "backend"
                    },
                    "creationTimestamp": "2020-08-28T07:01:59Z",
                    "resourceVersion": "283363557",
                    "uid": "5e2b2da7-e8fc-11ea-91ba-42010a8e015e",
                    "selfLink": "/api/v1/namespaces/dev-bitpod-scarletdragonfly/services/redis",
                    "namespace": "dev-bitpod-scarletdragonfly",
                    "name": "redis"
                }
            },
            {
                "status": {
                    "loadBalancer": {}
                },
                "spec": {
                    "externalTrafficPolicy": "Cluster",
                    "sessionAffinity": "None",
                    "type": "NodePort",
                    "clusterIP": "10.3.240.207",
                    "selector": {
                        "tier": "s3storage",
                        "qs": "s3storage",
                        "app": "backend"
                    },
                    "ports": [
                        {
                            "nodePort": 31886,
                            "targetPort": 8000,
                            "port": 8000,
                            "protocol": "TCP"
                        }
                    ]
                },
                "metadata": {
                    "annotations": {
                        "meta.helm.sh/release-namespace": "dev-bitpod-scarletdragonfly",
                        "meta.helm.sh/release-name": "dev-bitpod-scarletdragonfly"
                    },
                    "labels": {
                        "tier": "s3storage",
                        "serviceSpecVersion": "1",
                        "app.kubernetes.io/managed-by": "Helm",
                        "app": "backend"
                    },
                    "creationTimestamp": "2020-08-28T07:01:59Z",
                    "resourceVersion": "283363553",
                    "uid": "5e2a0e99-e8fc-11ea-91ba-42010a8e015e",
                    "selfLink": "/api/v1/namespaces/dev-bitpod-scarletdragonfly/services/s3storage",
                    "namespace": "dev-bitpod-scarletdragonfly",
                    "name": "s3storage"
                }
            },
            {
                "status": {
                    "loadBalancer": {}
                },
                "spec": {
                    "sessionAffinity": "None",
                    "type": "ClusterIP",
                    "clusterIP": "10.3.242.121",
                    "selector": {
                        "tier": "webhosting",
                        "app": "backend"
                    },
                    "ports": [
                        {
                            "targetPort": 8800,
                            "port": 8800,
                            "protocol": "TCP",
                            "name": "api"
                        },
                        {
                            "targetPort": 80,
                            "port": 80,
                            "protocol": "TCP",
                            "name": "nginx"
                        }
                    ]
                },
                "metadata": {
                    "annotations": {
                        "meta.helm.sh/release-namespace": "dev-bitpod-scarletdragonfly",
                        "meta.helm.sh/release-name": "dev-bitpod-scarletdragonfly"
                    },
                    "labels": {
                        "tier": "webhosting",
                        "serviceSpecVersion": "2",
                        "app.kubernetes.io/managed-by": "Helm",
                        "app": "backend"
                    },
                    "creationTimestamp": "2020-08-28T07:01:59Z",
                    "resourceVersion": "283363531",
                    "uid": "5e24d4b4-e8fc-11ea-91ba-42010a8e015e",
                    "selfLink": "/api/v1/namespaces/dev-bitpod-scarletdragonfly/services/webhosting",
                    "namespace": "dev-bitpod-scarletdragonfly",
                    "name": "webhosting"
                }
            }
        ],
        "workloads": "",
        "debuggerEnabled": false,
        "debuggerMeta": {},
        "childJobId": "1099",
        "deploymentLogs": [
            {
                "_id": "5f6adf32c0466d000d734589",
                "type": "info",
                "time": "2020-09-23T05:37:54.627Z",
                "log": "Initializing deployment..."
            },
            {
                "_id": "5f6adf33c0466d000d73458a",
                "type": "info",
                "time": "2020-09-23T05:37:55.762Z",
                "log": "Generating code..."
            },
            {
                "_id": "5f6adf33c0466d000d73458b",
                "type": "info",
                "time": "2020-09-23T05:37:55.777Z",
                "log": "Writing code to disk..."
            },
            {
                "_id": "5f6adf34c0466d000d73458c",
                "type": "info",
                "time": "2020-09-23T05:37:56.088Z",
                "log": "Uploading code to the backend..."
            },
            {
                "_id": "5f6adf34c0466d000d73458f",
                "type": "info",
                "time": "2020-09-23T05:37:56.226Z",
                "log": "Finalizing deployment..."
            },
            {
                "_id": "5f6adf34c0466d000d734590",
                "type": "info",
                "time": "2020-09-23T05:37:56.717Z",
                "log": "New code deployed! Restarting backend..."
            },
            {
                "_id": "5f6adf34c0466d000d734591",
                "type": "info",
                "time": "2020-09-23T05:37:56.753Z",
                "log": "Verifying backend updates..."
            },
            {
                "_id": "5f6adf3ac0466d000d734592",
                "type": "info",
                "time": "2020-09-23T05:38:02.768Z",
                "log": "Updating replicas: (1/2). "
            },
            {
                "_id": "5f6adf40c0466d000d734593",
                "type": "info",
                "time": "2020-09-23T05:38:08.786Z",
                "log": "Updating replicas: (1/2). "
            },
            {
                "_id": "5f6adf46c0466d000d734594",
                "type": "info",
                "time": "2020-09-23T05:38:14.810Z",
                "log": "Updating replicas: (1/2). "
            },
            {
                "_id": "5f6adf4cc0466d000d734595",
                "type": "info",
                "time": "2020-09-23T05:38:20.826Z",
                "log": "Updating replicas: (1/2). "
            },
            {
                "_id": "5f6adf52c0466d000d734596",
                "type": "info",
                "time": "2020-09-23T05:38:26.844Z",
                "log": "Updating replicas: (1/2). "
            },
            {
                "_id": "5f6adf58c0466d000d734597",
                "type": "info",
                "time": "2020-09-23T05:38:32.862Z",
                "log": "Updating replicas: (1/2). "
            },
            {
                "_id": "5f6adf5ec0466d000d734598",
                "type": "info",
                "time": "2020-09-23T05:38:38.877Z",
                "log": "Updating replicas: (1/2). "
            },
            {
                "_id": "5f6adf64c0466d000d734599",
                "type": "info",
                "time": "2020-09-23T05:38:44.898Z",
                "log": "Updating replicas: (1/2). "
            },
            {
                "_id": "5f6adf6ac0466d000d73459a",
                "type": "info",
                "time": "2020-09-23T05:38:50.913Z",
                "log": "Updating replicas: (1/2). "
            },
            {
                "_id": "5f6adf70c0466d000d73459b",
                "type": "info",
                "time": "2020-09-23T05:38:56.935Z",
                "log": "Updating replicas: (1/2). "
            },
            {
                "_id": "5f6adf76c0466d000d73459c",
                "type": "info",
                "time": "2020-09-23T05:39:02.952Z",
                "log": "Updating replicas: (1/2). "
            },
            {
                "_id": "5f6adf7cc0466d000d73459d",
                "type": "info",
                "time": "2020-09-23T05:39:08.973Z",
                "log": "Updating replicas: (2/2). "
            },
            {
                "_id": "5f6adf7cc0466d000d73459e",
                "type": "info",
                "time": "2020-09-23T05:39:08.987Z",
                "log": "Deployment completed"
            }
        ]
    },
    "listOfContentFileIds": [],
    "version": "1.0.0",
    "exportedDate": "2020-09-23T05:39:09.202Z",
    "exportedBy": "bhagyshree@bitpod.io",
    "workflowZip": "Bysk2QU7w_workflow_BkrFyvOBv.zip"
}