[
    {
        "_id": "H1zdPELQv",
        "_deleted": false,
        "_createdAt": "2020-08-28T07:51:06.477Z",
        "_modifiedAt": "2020-08-28T07:51:06.477Z",
        "_lv": 0,
        "deploymentVersion": 2,
        "backendId": "Bysk2QU7w",
        "modelId": "Employee",
        "enabled": true,
        "name": "getData_dUOG",
        "type": "get",
        "path": "/duog",
        "returnRaw": false,
        "functionCode": "function getData_dUOG (){\n\t/**\n\t * This is a Function\n\t * Add Your Logic for this custom API here\n\t */\n\n\n\t\n}",
        "accepts": [],
        "returns": [],
        "description": [
            "no description is provided"
        ],
        "_v": 2
    },
    {
        "_id": "r1UdwEUmD",
        "_deleted": false,
        "_createdAt": "2020-08-28T07:51:10.483Z",
        "_modifiedAt": "2020-08-28T07:51:10.483Z",
        "_lv": 1,
        "deploymentVersion": 2,
        "backendId": "Bysk2QU7w",
        "modelId": "Employee",
        "enabled": true,
        "name": "createResource_WxOl",
        "type": "post",
        "path": "/wxol",
        "returnRaw": false,
        "functionCode": "function createResource_WxOl (){\n\t/**\n\t * This is a Function\n\t * Add Your Logic for this custom API here\n\t */\n}",
        "accepts": [],
        "returns": [],
        "description": [
            "no description is provided"
        ],
        "_v": 1
    },
    {
        "_id": "rkJKDVLmw",
        "_deleted": false,
        "_createdAt": "2020-08-28T07:51:19.297Z",
        "_modifiedAt": "2020-08-28T07:51:19.297Z",
        "_lv": 0,
        "deploymentVersion": 2,
        "backendId": "Bysk2QU7w",
        "modelId": "Employee",
        "enabled": true,
        "name": "replaceResource_YYOW",
        "type": "put",
        "path": "/yyow",
        "returnRaw": false,
        "functionCode": "function replaceResource_YYOW (){\n\t/**\n\t * This is a Function\n\t * Add Your Logic for this custom API here\n\t */\n}",
        "accepts": [],
        "returns": [],
        "description": [
            "no description is provided"
        ],
        "_v": 1
    },
    {
        "_id": "SJEtDNL7v",
        "_deleted": false,
        "_createdAt": "2020-08-28T07:51:24.489Z",
        "_modifiedAt": "2020-08-28T07:51:24.489Z",
        "_lv": 0,
        "deploymentVersion": 2,
        "backendId": "Bysk2QU7w",
        "modelId": "Employee",
        "enabled": true,
        "name": "deleteResource_QztK",
        "type": "delete",
        "path": "/qztk",
        "returnRaw": false,
        "functionCode": "function deleteResource_QztK (){\n\t/**\n\t * This is a Function\n\t * Add Your Logic for this custom API here\n\t */\n}",
        "accepts": [],
        "returns": [],
        "description": [
            "no description is provided"
        ],
        "_v": 1
    },
    {
        "_id": "SkjtD4IQv",
        "_deleted": false,
        "_createdAt": "2020-08-28T07:51:31.314Z",
        "_modifiedAt": "2020-08-28T07:51:31.314Z",
        "_lv": 0,
        "deploymentVersion": 2,
        "backendId": "Bysk2QU7w",
        "modelId": "Employee",
        "enabled": true,
        "name": "updateResource_ljUM",
        "type": "patch",
        "path": "/ljum",
        "returnRaw": false,
        "functionCode": "function updateResource_ljUM (){\n\t/**\n\t * This is a Function\n\t * Add Your Logic for this custom API here\n\t */\n}",
        "accepts": [],
        "returns": [],
        "description": [
            "no description is provided"
        ],
        "_v": 1
    },
    {
        "_id": "ryir9DL7v",
        "_deleted": true,
        "_createdAt": "2020-08-28T11:28:02.764Z",
        "_modifiedAt": "2020-08-28T11:28:02.764Z",
        "_lv": 0,
        "deploymentVersion": 3,
        "backendId": "Bysk2QU7w",
        "modelId": "one",
        "enabled": true,
        "name": "getData_fbWK",
        "type": "get",
        "path": "/fbwk",
        "returnRaw": false,
        "functionCode": "function getData_fbWK (){\n\t/**\n\t * This is a Function\n\t * Add Your Logic for this custom API here\n\t */\n}",
        "accepts": [],
        "returns": [],
        "description": [
            "no description is provided"
        ],
        "_v": 1
    },
    {
        "_id": "HJj55PIXw",
        "_deleted": true,
        "_createdAt": "2020-08-28T11:29:23.301Z",
        "_modifiedAt": "2020-08-28T11:29:23.301Z",
        "_lv": 0,
        "deploymentVersion": 3,
        "backendId": "Bysk2QU7w",
        "modelId": "one",
        "enabled": true,
        "name": "createResource_vExh",
        "type": "post",
        "path": "/vexh",
        "returnRaw": false,
        "functionCode": "function createResource_vExh (){\n\t/**\n\t * This is a Function\n\t * Add Your Logic for this custom API here\n\t */\n}",
        "accepts": [],
        "returns": [],
        "description": [
            "no description is provided"
        ],
        "_v": 1
    },
    {
        "_id": "B18jqDUQD",
        "_deleted": true,
        "_createdAt": "2020-08-28T11:29:33.864Z",
        "_modifiedAt": "2020-08-28T11:29:33.864Z",
        "_lv": 0,
        "deploymentVersion": 3,
        "backendId": "Bysk2QU7w",
        "modelId": "one",
        "enabled": true,
        "name": "getData_xrOY",
        "type": "get",
        "path": "/xroy",
        "returnRaw": false,
        "functionCode": "function getData_xrOY (){\n\t/**\n\t * This is a Function\n\t * Add Your Logic for this custom API here\n\t */\n}",
        "accepts": [],
        "returns": [],
        "description": [
            "no description is provided"
        ],
        "_v": 1
    },
    {
        "_id": "ByM5476mw",
        "_deleted": false,
        "_createdAt": "2020-09-02T13:56:25.865Z",
        "_modifiedAt": "2020-09-02T13:56:25.865Z",
        "_lv": 0,
        "deploymentVersion": 9,
        "backendId": "Bysk2QU7w",
        "modelId": "department",
        "enabled": true,
        "name": "createResource_GISp",
        "type": "post",
        "path": "/gisp",
        "returnRaw": true,
        "functionCode": "function createResource_GISp (){\n\t/**\n\t * This is a Function\n\t * Add Your Logic for this custom API here\n\t */\n\n\t\n}",
        "accepts": [],
        "returns": [
            {
                "arg": "1",
                "type": "string",
                "description": "no description is provided",
                "root": true
            }
        ],
        "description": [
            "no description is provided"
        ],
        "_v": 3
    },
    {
        "_id": "B17oE7pmP",
        "_deleted": false,
        "_createdAt": "2020-09-02T13:56:43.057Z",
        "_modifiedAt": "2020-09-02T13:56:43.057Z",
        "_lv": 0,
        "deploymentVersion": 9,
        "backendId": "Bysk2QU7w",
        "modelId": "department",
        "enabled": true,
        "name": "createResource_rIIr",
        "type": "post",
        "path": "/riir",
        "returnRaw": false,
        "functionCode": "function createResource_rIIr (){\n\t/**\n\t * This is a Function\n\t * Add Your Logic for this custom API here\n\t */\n\n\t\n}",
        "accepts": [],
        "returns": [],
        "description": [
            "no description is provided"
        ],
        "_v": 2
    },
    {
        "_id": "S1gjCwJVD",
        "_deleted": true,
        "_createdAt": "2020-09-04T07:36:55.835Z",
        "_modifiedAt": "2020-09-04T07:36:55.835Z",
        "_lv": 1,
        "deploymentVersion": 9,
        "backendId": "Bysk2QU7w",
        "modelId": "relationtest",
        "enabled": true,
        "name": "getData_OpxW",
        "type": "get",
        "path": "/opxw",
        "returnRaw": false,
        "functionCode": "function getData_OpxW (){\n\t/**\n\t * This is a Function\n\t * Add Your Logic for this custom API here\n\t */\n}",
        "accepts": [],
        "returns": [],
        "description": [
            "no description is provided"
        ],
        "_v": 1
    },
    {
        "_id": "SJBoCwkVv",
        "_deleted": true,
        "_createdAt": "2020-09-04T07:37:00.897Z",
        "_modifiedAt": "2020-09-04T07:37:00.897Z",
        "_lv": 3,
        "deploymentVersion": 9,
        "backendId": "Bysk2QU7w",
        "modelId": "relationtest",
        "enabled": true,
        "name": "createResource_CYGl",
        "type": "post",
        "path": "/cygl",
        "returnRaw": false,
        "functionCode": "function createResource_CYGl (){\n\t/**\n\t * This is a Function\n\t * Add Your Logic for this custom API here\n\t */\nlogger.userEvent('==in ==');\n\n\n}",
        "accepts": [],
        "returns": [],
        "description": [
            "no description is provided"
        ],
        "_v": 1
    },
    {
        "_id": "HJooCvJ4v",
        "_deleted": true,
        "_createdAt": "2020-09-04T07:37:06.585Z",
        "_modifiedAt": "2020-09-04T07:37:06.585Z",
        "_lv": 0,
        "deploymentVersion": 9,
        "backendId": "Bysk2QU7w",
        "modelId": "relationtest",
        "enabled": true,
        "name": "replaceResource_xGxS",
        "type": "put",
        "path": "/xgxs",
        "returnRaw": false,
        "functionCode": "function replaceResource_xGxS (){\n\t/**\n\t * This is a Function\n\t * Add Your Logic for this custom API here\n\t */\n}",
        "accepts": [],
        "returns": [],
        "description": [
            "no description is provided"
        ],
        "_v": 1
    },
    {
        "_id": "H1bu1AhVv",
        "_deleted": false,
        "_createdAt": "2020-09-14T11:09:29.409Z",
        "_modifiedAt": "2020-09-14T11:09:29.409Z",
        "_lv": 0,
        "deploymentVersion": 15,
        "backendId": "Bysk2QU7w",
        "modelId": "shree",
        "enabled": true,
        "name": "createResource_YGGI",
        "type": "post",
        "path": "/yggi",
        "returnRaw": false,
        "functionCode": "function createResource_YGGI (){\n\t/**\n\t * This is a Function\n\t * Add Your Logic for this custom API here\n\t */\n}",
        "accepts": [],
        "returns": [],
        "description": [
            "no description is provided"
        ],
        "_v": 1
    },
    {
        "_id": "ByBNmRlrD",
        "_deleted": false,
        "_createdAt": "2020-09-17T12:14:36.744Z",
        "_modifiedAt": "2020-09-17T12:14:36.744Z",
        "_lv": 0,
        "deploymentVersion": 26,
        "backendId": "Bysk2QU7w",
        "modelId": "edddddddd",
        "enabled": true,
        "name": "createResource_SCGf",
        "type": "post",
        "path": "/scgf",
        "returnRaw": false,
        "functionCode": "function createResource_SCGf (){\n\t/**\n\t * This is a Function\n\t * Add Your Logic for this custom API here\n\t */\n}",
        "accepts": [],
        "returns": [],
        "description": [
            "no description is provided"
        ],
        "_v": 1
    },
    {
        "_id": "rJn4Q0lHv",
        "_deleted": false,
        "_createdAt": "2020-09-17T12:14:43.798Z",
        "_modifiedAt": "2020-09-17T12:14:43.798Z",
        "_lv": 0,
        "deploymentVersion": 26,
        "backendId": "Bysk2QU7w",
        "modelId": "edddddddd",
        "enabled": true,
        "name": "getData_Opvb",
        "type": "get",
        "path": "/opvb",
        "returnRaw": false,
        "functionCode": "function getData_Opvb (){\n\t/**\n\t * This is a Function\n\t * Add Your Logic for this custom API here\n\t */\n}",
        "accepts": [],
        "returns": [],
        "description": [
            "no description is provided"
        ],
        "_v": 1
    },
    {
        "_id": "BJ88YRgBD",
        "_deleted": false,
        "_createdAt": "2020-09-17T12:40:46.353Z",
        "_modifiedAt": "2020-09-17T12:40:46.353Z",
        "_lv": 0,
        "deploymentVersion": 27,
        "backendId": "Bysk2QU7w",
        "modelId": "testone",
        "enabled": true,
        "name": "createResource_Ejnz",
        "type": "post",
        "path": "/ejnz",
        "returnRaw": false,
        "functionCode": "function createResource_Ejnz (){\n\t/**\n\t * This is a Function\n\t * Add Your Logic for this custom API here\n\t */\n}",
        "accepts": [],
        "returns": [],
        "description": [
            "no description is provided"
        ],
        "_v": 1
    },
    {
        "_id": "BJtepQ8Hv",
        "_deleted": false,
        "_createdAt": "2020-09-21T13:38:56.811Z",
        "_modifiedAt": "2020-09-21T13:38:56.811Z",
        "_lv": 0,
        "deploymentVersion": 29,
        "backendId": "Bysk2QU7w",
        "modelId": "shree",
        "enabled": true,
        "name": "createResource_KAWU",
        "type": "post",
        "path": "/kawuvgg",
        "returnRaw": false,
        "functionCode": "function createResource_KAWU (){\n\t/**\n\t * This is a Function\n\t * Add Your Logic for this custom API here\n\t */\n}",
        "accepts": [],
        "returns": [],
        "description": [
            "no description is provided"
        ],
        "_v": 1
    },
    {
        "_id": "HkbLT7LBD",
        "_deleted": false,
        "_createdAt": "2020-09-21T13:40:24.721Z",
        "_modifiedAt": "2020-09-21T13:40:24.721Z",
        "_lv": 0,
        "deploymentVersion": 29,
        "backendId": "Bysk2QU7w",
        "modelId": "shree",
        "enabled": true,
        "name": "testone",
        "type": "post",
        "path": "/ovzb",
        "returnRaw": false,
        "functionCode": "function testone (){\n\t/**\n\t * This is a Function\n\t * Add Your Logic for this custom API here\n\t */\n}",
        "accepts": [],
        "returns": [],
        "description": [
            "no description is provided"
        ],
        "_v": 1
    }
]