[
    {
        "_id": "5f48abe5bc3966000d83e506",
        "deploymentVersion": 1,
        "backendId": "Bysk2QU7w",
        "_deleted": false,
        "_createdAt": "2020-08-28T07:01:57.676Z",
        "_modifiedAt": "2020-08-28T07:01:57.676Z",
        "system": true,
        "foreignKey": "orgId",
        "isForeignKeyAnArray": false,
        "cascadeDelete": true,
        "type": "belongsTo",
        "_lv": 0,
        "_v": 1,
        "participated_models": [
            "Organization",
            "Workflow"
        ],
        "B": {
            "name": "myOrganization",
            "modelName": "Workflow"
        },
        "A": {
            "name": "",
            "modelName": "Organization"
        }
    },
    {
        "_id": "5f48abe5bc3966000d83e507",
        "deploymentVersion": 1,
        "backendId": "Bysk2QU7w",
        "_deleted": false,
        "_createdAt": "2020-08-28T07:01:57.679Z",
        "_modifiedAt": "2020-08-28T07:01:57.679Z",
        "system": true,
        "foreignKey": "orgId",
        "isForeignKeyAnArray": false,
        "cascadeDelete": true,
        "type": "belongsTo",
        "_lv": 0,
        "_v": 1,
        "participated_models": [
            "Organization",
            "Attachment"
        ],
        "B": {
            "name": "myOrganization",
            "modelName": "Attachment"
        },
        "A": {
            "name": "",
            "modelName": "Organization"
        }
    },
    {
        "_id": "5f48abe5bc3966000d83e508",
        "deploymentVersion": 1,
        "backendId": "Bysk2QU7w",
        "_deleted": false,
        "_createdAt": "2020-08-28T07:01:57.681Z",
        "_modifiedAt": "2020-08-28T07:01:57.681Z",
        "system": true,
        "foreignKey": "orgId",
        "isForeignKeyAnArray": false,
        "cascadeDelete": true,
        "type": "belongsTo",
        "_lv": 0,
        "_v": 1,
        "participated_models": [
            "Organization",
            "jobDetail"
        ],
        "B": {
            "name": "myOrganization",
            "modelName": "jobDetail"
        },
        "A": {
            "name": "",
            "modelName": "Organization"
        }
    },
    {
        "_id": "5f48abe5bc3966000d83e509",
        "deploymentVersion": 1,
        "backendId": "Bysk2QU7w",
        "_deleted": false,
        "_createdAt": "2020-08-28T07:01:57.683Z",
        "_modifiedAt": "2020-08-28T07:01:57.683Z",
        "system": true,
        "foreignKey": "orgId",
        "isForeignKeyAnArray": false,
        "cascadeDelete": true,
        "type": "belongsTo",
        "_lv": 0,
        "_v": 1,
        "participated_models": [
            "Organization",
            "Connection"
        ],
        "B": {
            "name": "myOrganization",
            "modelName": "Connection"
        },
        "A": {
            "name": "",
            "modelName": "Organization"
        }
    },
    {
        "_id": "SJxLRk27LQD",
        "deploymentVersion": 1,
        "backendId": "Bysk2QU7w",
        "_deleted": false,
        "_createdAt": "2020-08-28T07:01:57.711Z",
        "_modifiedAt": "2020-08-28T07:01:57.711Z",
        "system": true,
        "foreignKey": "userId",
        "foreignKeyType": "string",
        "isForeignKeyAnArray": false,
        "cascadeDelete": false,
        "type": "1-1 Relation",
        "_lv": 0,
        "_v": 1,
        "participated_models": [
            "User",
            "Attachment"
        ],
        "B": {
            "name": "owner",
            "modelName": "Attachment"
        },
        "A": {
            "name": "attachment",
            "modelName": "User"
        }
    },
    {
        "_id": "B1W8A1hQL7w",
        "deploymentVersion": 1,
        "backendId": "Bysk2QU7w",
        "_deleted": false,
        "_createdAt": "2020-08-28T07:01:57.711Z",
        "_modifiedAt": "2020-08-28T07:01:57.711Z",
        "system": true,
        "foreignKey": "userId",
        "foreignKeyType": "string",
        "isForeignKeyAnArray": false,
        "cascadeDelete": false,
        "type": "1-N Relation",
        "_lv": 0,
        "_v": 1,
        "participated_models": [
            "User",
            "AccessKey"
        ],
        "B": {
            "name": "user",
            "modelName": "AccessKey"
        },
        "A": {
            "name": "accessKeys",
            "modelName": "User"
        }
    },
    {
        "_id": "5f48b72ad4405b000dc1ddb6",
        "deploymentVersion": 2,
        "backendId": "Bysk2QU7w",
        "_deleted": false,
        "_createdAt": "2020-08-28T07:50:02.210Z",
        "_modifiedAt": "2020-08-28T07:50:02.210Z",
        "system": true,
        "foreignKey": "orgId",
        "isForeignKeyAnArray": false,
        "cascadeDelete": true,
        "type": "belongsTo",
        "_lv": 0,
        "_v": 1,
        "participated_models": [
            "Organization",
            "Employee"
        ],
        "B": {
            "name": "myOrganization",
            "modelName": "Employee"
        },
        "A": {
            "name": "",
            "modelName": "Organization"
        }
    },
    {
        "_id": "5f48b731d4405b000dc1ddb7",
        "deploymentVersion": 2,
        "backendId": "Bysk2QU7w",
        "_deleted": false,
        "_createdAt": "2020-08-28T07:50:09.529Z",
        "_modifiedAt": "2020-08-28T07:50:09.529Z",
        "system": true,
        "foreignKey": "orgId",
        "isForeignKeyAnArray": false,
        "cascadeDelete": true,
        "type": "belongsTo",
        "_lv": 0,
        "_v": 1,
        "participated_models": [
            "Organization",
            "department"
        ],
        "B": {
            "name": "myOrganization",
            "modelName": "department"
        },
        "A": {
            "name": "",
            "modelName": "Organization"
        }
    },
    {
        "_id": "5f48b73f730f010edc8b4a71",
        "deploymentVersion": 2,
        "backendId": "Bysk2QU7w",
        "_deleted": false,
        "_createdAt": "2020-08-28T07:50:23.337Z",
        "_modifiedAt": "2020-08-28T07:50:23.337Z",
        "system": false,
        "foreignKey": "employeeId",
        "foreignKeyType": "string",
        "isForeignKeyAnArray": false,
        "cascadeDelete": false,
        "type": "1-1 Relation",
        "_lv": 0,
        "_v": 1,
        "participated_models": [
            "Employee",
            "department"
        ],
        "B": {
            "name": "employee",
            "modelName": "department"
        },
        "A": {
            "name": "department",
            "modelName": "Employee"
        }
    },
    {
        "_id": "5f48b74c730f010edc8b4a72",
        "deploymentVersion": 2,
        "backendId": "Bysk2QU7w",
        "_deleted": false,
        "_createdAt": "2020-08-28T07:50:36.284Z",
        "_modifiedAt": "2020-08-28T07:50:36.284Z",
        "system": false,
        "foreignKey": "employeeId",
        "foreignKeyType": "string",
        "isForeignKeyAnArray": false,
        "cascadeDelete": false,
        "type": "1-N Relation",
        "_lv": 0,
        "_v": 1,
        "participated_models": [
            "Employee",
            "department"
        ],
        "B": {
            "name": "employeed",
            "modelName": "department"
        },
        "A": {
            "name": "departments",
            "modelName": "Employee"
        }
    },
    {
        "_id": "5f48b75d730f010edc8b4a73",
        "deploymentVersion": 2,
        "backendId": "Bysk2QU7w",
        "_deleted": false,
        "_createdAt": "2020-08-28T07:50:53.405Z",
        "_modifiedAt": "2020-08-28T07:50:53.405Z",
        "system": false,
        "foreignKey": "attachmentIds",
        "foreignKeyType": "string",
        "isForeignKeyAnArray": true,
        "cascadeDelete": false,
        "type": "References Many",
        "_lv": 0,
        "_v": 1,
        "participated_models": [
            "department",
            "Attachment"
        ],
        "B": {
            "name": "",
            "modelName": "Attachment"
        },
        "A": {
            "name": "attachments",
            "modelName": "department"
        }
    },
    {
        "_id": "5f48e0e3d4405b000dc1ddbb",
        "deploymentVersion": 3,
        "backendId": "Bysk2QU7w",
        "_deleted": true,
        "_createdAt": "2020-08-28T10:48:03.824Z",
        "_modifiedAt": "2020-08-28T10:48:03.824Z",
        "system": true,
        "foreignKey": "orgId",
        "isForeignKeyAnArray": false,
        "cascadeDelete": true,
        "type": "belongsTo",
        "_lv": 0,
        "_v": 1,
        "participated_models": [
            "Organization",
            "shree"
        ],
        "B": {
            "name": "myOrganization",
            "modelName": "shree"
        },
        "A": {
            "name": "",
            "modelName": "Organization"
        }
    },
    {
        "_id": "5f48ea31d4405b000dc1ddbf",
        "deploymentVersion": 3,
        "backendId": "Bysk2QU7w",
        "_deleted": true,
        "_createdAt": "2020-08-28T11:27:45.354Z",
        "_modifiedAt": "2020-08-28T11:27:45.354Z",
        "system": true,
        "foreignKey": "orgId",
        "isForeignKeyAnArray": false,
        "cascadeDelete": true,
        "type": "belongsTo",
        "_lv": 0,
        "_v": 1,
        "participated_models": [
            "Organization",
            "one"
        ],
        "B": {
            "name": "myOrganization",
            "modelName": "one"
        },
        "A": {
            "name": "",
            "modelName": "Organization"
        }
    },
    {
        "_id": "5f51dfefd4405b000dc1ddcd",
        "deploymentVersion": 9,
        "backendId": "Bysk2QU7w",
        "_deleted": true,
        "_createdAt": "2020-09-04T06:34:23.843Z",
        "_modifiedAt": "2020-09-04T06:34:23.843Z",
        "system": true,
        "foreignKey": "orgId",
        "isForeignKeyAnArray": false,
        "cascadeDelete": true,
        "type": "belongsTo",
        "_lv": 0,
        "_v": 1,
        "participated_models": [
            "Organization",
            "test1"
        ],
        "B": {
            "name": "myOrganization",
            "modelName": "test1"
        },
        "A": {
            "name": "",
            "modelName": "Organization"
        }
    },
    {
        "_id": "5f51e445d4405b000dc1ddce",
        "deploymentVersion": 9,
        "backendId": "Bysk2QU7w",
        "_deleted": true,
        "_createdAt": "2020-09-04T06:52:53.484Z",
        "_modifiedAt": "2020-09-04T06:52:53.484Z",
        "system": true,
        "foreignKey": "orgId",
        "isForeignKeyAnArray": false,
        "cascadeDelete": true,
        "type": "belongsTo",
        "_lv": 0,
        "_v": 1,
        "participated_models": [
            "Organization",
            "relationtest"
        ],
        "B": {
            "name": "myOrganization",
            "modelName": "relationtest"
        },
        "A": {
            "name": "",
            "modelName": "Organization"
        }
    },
    {
        "_id": "5f51ed7cd4405b000dc1ddcf",
        "deploymentVersion": 9,
        "backendId": "Bysk2QU7w",
        "_deleted": false,
        "_createdAt": "2020-09-04T07:32:12.901Z",
        "_modifiedAt": "2020-09-04T07:32:12.901Z",
        "system": true,
        "foreignKey": "orgId",
        "isForeignKeyAnArray": false,
        "cascadeDelete": true,
        "type": "belongsTo",
        "_lv": 0,
        "_v": 1,
        "participated_models": [
            "Organization",
            "shree"
        ],
        "B": {
            "name": "myOrganization",
            "modelName": "shree"
        },
        "A": {
            "name": "",
            "modelName": "Organization"
        }
    },
    {
        "_id": "5f58d0936632f5e7756f846c",
        "deploymentVersion": 11,
        "backendId": "Bysk2QU7w",
        "_deleted": false,
        "_createdAt": "2020-09-09T12:54:43.137Z",
        "_modifiedAt": "2020-09-09T12:54:43.137Z",
        "system": false,
        "foreignKey": "accesskeyId",
        "foreignKeyType": "string",
        "isForeignKeyAnArray": false,
        "cascadeDelete": false,
        "type": "1-N Relation",
        "_lv": 0,
        "_v": 1,
        "participated_models": [
            "AccessKey",
            "Employee"
        ],
        "B": {
            "name": "accesskey",
            "modelName": "Employee"
        },
        "A": {
            "name": "employees",
            "modelName": "AccessKey"
        }
    },
    {
        "_id": "5f5f0a23bcbf19000d2e914f",
        "deploymentVersion": 12,
        "backendId": "Bysk2QU7w",
        "_deleted": true,
        "_createdAt": "2020-09-14T06:13:55.639Z",
        "_modifiedAt": "2020-09-14T06:13:55.639Z",
        "system": true,
        "foreignKey": "orgId",
        "isForeignKeyAnArray": false,
        "cascadeDelete": true,
        "type": "belongsTo",
        "_lv": 0,
        "_v": 1,
        "participated_models": [
            "Organization",
            "test"
        ],
        "B": {
            "name": "myOrganization",
            "modelName": "test"
        },
        "A": {
            "name": "",
            "modelName": "Organization"
        }
    },
    {
        "_id": "5f5f13a2bcbf19000d2e9150",
        "deploymentVersion": 13,
        "backendId": "Bysk2QU7w",
        "_deleted": false,
        "_createdAt": "2020-09-14T06:54:26.316Z",
        "_modifiedAt": "2020-09-14T06:54:26.316Z",
        "system": true,
        "foreignKey": "orgId",
        "isForeignKeyAnArray": false,
        "cascadeDelete": true,
        "type": "belongsTo",
        "_lv": 0,
        "_v": 1,
        "participated_models": [
            "Organization",
            "workflowxzxz"
        ],
        "B": {
            "name": "myOrganization",
            "modelName": "workflowxzxz"
        },
        "A": {
            "name": "",
            "modelName": "Organization"
        }
    },
    {
        "_id": "5f5f248ebcbf19000d2e9151",
        "deploymentVersion": 14,
        "backendId": "Bysk2QU7w",
        "_deleted": false,
        "_createdAt": "2020-09-14T08:06:38.024Z",
        "_modifiedAt": "2020-09-14T08:06:38.024Z",
        "system": true,
        "foreignKey": "orgId",
        "isForeignKeyAnArray": false,
        "cascadeDelete": true,
        "type": "belongsTo",
        "_lv": 0,
        "_v": 1,
        "participated_models": [
            "Organization",
            "edddddddd"
        ],
        "B": {
            "name": "myOrganization",
            "modelName": "edddddddd"
        },
        "A": {
            "name": "",
            "modelName": "Organization"
        }
    },
    {
        "_id": "5f5f4fc7bcbf19000d2e9152",
        "deploymentVersion": 16,
        "backendId": "Bysk2QU7w",
        "_deleted": false,
        "_createdAt": "2020-09-14T11:11:03.161Z",
        "_modifiedAt": "2020-09-14T11:11:03.161Z",
        "system": true,
        "foreignKey": "orgId",
        "isForeignKeyAnArray": false,
        "cascadeDelete": true,
        "type": "belongsTo",
        "_lv": 0,
        "_v": 1,
        "participated_models": [
            "Organization",
            "sheeeee"
        ],
        "B": {
            "name": "myOrganization",
            "modelName": "sheeeee"
        },
        "A": {
            "name": "",
            "modelName": "Organization"
        }
    },
    {
        "_id": "5f61a65cbcbf19000d2e915c",
        "deploymentVersion": 18,
        "backendId": "Bysk2QU7w",
        "_deleted": false,
        "_createdAt": "2020-09-16T05:45:00.678Z",
        "_modifiedAt": "2020-09-16T05:45:00.678Z",
        "system": true,
        "foreignKey": "orgId",
        "isForeignKeyAnArray": false,
        "cascadeDelete": true,
        "type": "belongsTo",
        "_lv": 0,
        "_v": 1,
        "participated_models": [
            "Organization",
            "testdebug"
        ],
        "B": {
            "name": "myOrganization",
            "modelName": "testdebug"
        },
        "A": {
            "name": "",
            "modelName": "Organization"
        }
    },
    {
        "_id": "5f61bac2bcbf19000d2e915d",
        "deploymentVersion": 20,
        "backendId": "Bysk2QU7w",
        "_deleted": false,
        "_createdAt": "2020-09-16T07:12:02.678Z",
        "_modifiedAt": "2020-09-16T07:12:02.678Z",
        "system": true,
        "foreignKey": "orgId",
        "isForeignKeyAnArray": false,
        "cascadeDelete": true,
        "type": "belongsTo",
        "_lv": 0,
        "_v": 1,
        "participated_models": [
            "Organization",
            "testegithub"
        ],
        "B": {
            "name": "myOrganization",
            "modelName": "testegithub"
        },
        "A": {
            "name": "",
            "modelName": "Organization"
        }
    },
    {
        "_id": "5f61fe41bcbf19000d2e915e",
        "deploymentVersion": 21,
        "backendId": "Bysk2QU7w",
        "_deleted": true,
        "_createdAt": "2020-09-16T12:00:01.053Z",
        "_modifiedAt": "2020-09-16T12:00:01.053Z",
        "system": true,
        "foreignKey": "orgId",
        "isForeignKeyAnArray": false,
        "cascadeDelete": true,
        "type": "belongsTo",
        "_lv": 0,
        "_v": 1,
        "participated_models": [
            "Organization",
            "test"
        ],
        "B": {
            "name": "myOrganization",
            "modelName": "test"
        },
        "A": {
            "name": "",
            "modelName": "Organization"
        }
    },
    {
        "_id": "5f621d75bcbf19000d2e9163",
        "deploymentVersion": 22,
        "backendId": "Bysk2QU7w",
        "_deleted": false,
        "_createdAt": "2020-09-16T14:13:09.280Z",
        "_modifiedAt": "2020-09-16T14:13:09.280Z",
        "system": true,
        "foreignKey": "orgId",
        "isForeignKeyAnArray": false,
        "cascadeDelete": true,
        "type": "belongsTo",
        "_lv": 0,
        "_v": 1,
        "participated_models": [
            "Organization",
            "testonew"
        ],
        "B": {
            "name": "myOrganization",
            "modelName": "testonew"
        },
        "A": {
            "name": "",
            "modelName": "Organization"
        }
    },
    {
        "_id": "5f63008ebcbf19000d2e9164",
        "deploymentVersion": 23,
        "backendId": "Bysk2QU7w",
        "_deleted": false,
        "_createdAt": "2020-09-17T06:22:06.992Z",
        "_modifiedAt": "2020-09-17T06:22:06.992Z",
        "system": true,
        "foreignKey": "orgId",
        "isForeignKeyAnArray": false,
        "cascadeDelete": true,
        "type": "belongsTo",
        "_lv": 0,
        "_v": 1,
        "participated_models": [
            "Organization",
            "tester"
        ],
        "B": {
            "name": "myOrganization",
            "modelName": "tester"
        },
        "A": {
            "name": "",
            "modelName": "Organization"
        }
    },
    {
        "_id": "5f635768bcbf19000d2e9165",
        "deploymentVersion": 26,
        "backendId": "Bysk2QU7w",
        "_deleted": false,
        "_createdAt": "2020-09-17T12:32:40.112Z",
        "_modifiedAt": "2020-09-17T12:32:40.112Z",
        "system": true,
        "foreignKey": "orgId",
        "isForeignKeyAnArray": false,
        "cascadeDelete": true,
        "type": "belongsTo",
        "_lv": 0,
        "_v": 1,
        "participated_models": [
            "Organization",
            "testone"
        ],
        "B": {
            "name": "myOrganization",
            "modelName": "testone"
        },
        "A": {
            "name": "",
            "modelName": "Organization"
        }
    }
]