[
    {
        "_id": "S1-2yhXL7P",
        "deploymentVersion": 1,
        "name": "Workflow",
        "plural": "Workflows",
        "properties": {
            "orgId": {
                "type": "number",
                "propertyName": "orgId",
                "system": true,
                "label": "orgId",
                "id": false,
                "displayInView": true,
                "description": ""
            },
            "XML": {
                "defaultVal": "",
                "displayInView": true,
                "index": false,
                "id": false,
                "system": true,
                "propertyName": "XML",
                "isArray": false,
                "type": "string",
                "label": ""
            },
            "Description": {
                "defaultVal": "",
                "displayInView": true,
                "index": false,
                "id": false,
                "system": true,
                "propertyName": "Description",
                "isArray": false,
                "type": "string",
                "label": ""
            },
            "DeploymentId": {
                "defaultVal": "",
                "displayInView": true,
                "index": false,
                "id": false,
                "system": true,
                "propertyName": "DeploymentId",
                "isArray": false,
                "type": "string",
                "label": ""
            },
            "Key": {
                "defaultVal": "",
                "displayInView": true,
                "index": false,
                "id": false,
                "system": true,
                "propertyName": "Key",
                "isArray": false,
                "type": "string",
                "label": ""
            },
            "Name": {
                "defaultVal": "",
                "displayInView": true,
                "index": false,
                "id": false,
                "system": true,
                "propertyName": "Name",
                "isArray": false,
                "type": "string",
                "label": ""
            },
            "id": {
                "defaultVal": "",
                "displayInView": true,
                "builtIn": true,
                "index": true,
                "id": true,
                "propertyName": "id",
                "isArray": false,
                "type": "string",
                "label": "id",
                "required": true
            }
        },
        "persistedModel": true,
        "_doctype": "Model",
        "backendId": "Bysk2QU7w",
        "dataSource": "mongoDb",
        "system": true,
        "_deleted": false,
        "_createdAt": "2020-09-15T04:53:56.186Z",
        "_modifiedAt": "2020-09-15T04:53:56.186Z",
        "_lv": 0,
        "strict": true,
        "mixins": {
            "Disableapi": {
                "disabledAPIs": []
            },
            "DeleteCascadeMixin": {
                "relations": []
            },
            "TenantMixin": true,
            "TrackChanges": false,
            "Deletemixin": {
                "softDelete": true
            }
        },
        "permissions": {
            "categories": {
                "delete": {
                    "categoryName": "delete",
                    "roles": [
                        "$authenticated"
                    ]
                },
                "update": {
                    "categoryName": "update",
                    "roles": [
                        "$authenticated"
                    ]
                },
                "read": {
                    "categoryName": "read",
                    "roles": [
                        "$authenticated"
                    ]
                },
                "create": {
                    "categoryName": "create",
                    "roles": [
                        "$authenticated"
                    ]
                }
            }
        },
        "tags": [],
        "disabledAPI": [],
        "_v": 0,
        "relatedTo": [],
        "acls": [
            {
                "property": "*",
                "permission": "ALLOW",
                "principalId": "$authenticated",
                "principalType": "ROLE",
                "accessType": "*"
            }
        ]
    },
    {
        "_id": "HyNn12Q8mv",
        "deploymentVersion": 1,
        "name": "OrganizationDomain",
        "plural": "OrganizationDomains",
        "properties": {
            "orgId": {
                "type": "String"
            },
            "modifiedDate": {
                "type": "Date"
            },
            "createdDate": {
                "type": "Date"
            },
            "modifiedBy": {
                "type": "String"
            },
            "createdBy": {
                "type": "String"
            },
            "domain": {
                "index": true,
                "required": true,
                "id": true,
                "type": "String"
            }
        },
        "persistedModel": true,
        "_doctype": "Model",
        "backendId": "Bysk2QU7w",
        "dataSource": "mongoDb",
        "system": true,
        "_deleted": false,
        "_createdAt": "2020-09-15T04:53:56.186Z",
        "_modifiedAt": "2020-09-15T04:53:56.186Z",
        "_lv": 0,
        "strict": true,
        "mixins": {
            "Deletemixin": {
                "softDelete": true
            }
        },
        "permissions": {
            "categories": {
                "delete": {
                    "categoryName": "delete",
                    "roles": [
                        "$authenticated"
                    ]
                },
                "update": {
                    "categoryName": "update",
                    "roles": [
                        "$authenticated"
                    ]
                },
                "read": {
                    "categoryName": "read",
                    "roles": [
                        "$authenticated"
                    ]
                },
                "create": {
                    "categoryName": "create",
                    "roles": [
                        "$authenticated"
                    ]
                }
            }
        },
        "tags": [],
        "disabledAPI": [],
        "_v": 0,
        "relatedTo": [],
        "acls": [
            {
                "property": "*",
                "permission": "ALLOW",
                "principalId": "$authenticated",
                "principalType": "ROLE",
                "accessType": "*"
            }
        ]
    },
    {
        "_id": "ryfh1n7Imw",
        "deploymentVersion": 1,
        "name": "Attachment",
        "plural": "Attachments",
        "properties": {
            "encoding": {
                "defaultVal": "",
                "displayInView": true,
                "index": false,
                "id": false,
                "system": true,
                "propertyName": "encoding",
                "isArray": false,
                "type": "string",
                "label": ""
            },
            "size": {
                "defaultVal": "",
                "displayInView": true,
                "index": false,
                "id": false,
                "system": true,
                "propertyName": "size",
                "isArray": false,
                "type": "number",
                "label": ""
            },
            "contentType": {
                "defaultVal": "",
                "displayInView": true,
                "index": false,
                "id": false,
                "system": true,
                "propertyName": "contentType",
                "isArray": false,
                "type": "string",
                "label": ""
            },
            "fileName": {
                "defaultVal": "",
                "displayInView": true,
                "index": false,
                "id": false,
                "system": true,
                "propertyName": "fileName",
                "isArray": false,
                "type": "string",
                "label": ""
            },
            "id": {
                "defaultVal": "",
                "displayInView": true,
                "builtIn": true,
                "index": true,
                "id": true,
                "propertyName": "id",
                "isArray": false,
                "type": "string",
                "label": "",
                "required": true
            }
        },
        "persistedModel": true,
        "_doctype": "Model",
        "backendId": "Bysk2QU7w",
        "dataSource": "mongoDb",
        "system": true,
        "_deleted": false,
        "_createdAt": "2020-09-15T04:53:56.185Z",
        "_modifiedAt": "2020-09-15T04:53:56.185Z",
        "_lv": 0,
        "strict": true,
        "mixins": {
            "TenantMixin": true,
            "Deletemixin": {
                "softDelete": true
            }
        },
        "permissions": {
            "categories": {
                "delete": {
                    "categoryName": "delete",
                    "roles": [
                        "$orguser"
                    ]
                },
                "update": {
                    "categoryName": "update",
                    "roles": [
                        "$orguser"
                    ]
                },
                "read": {
                    "categoryName": "read",
                    "roles": [
                        "$orguser"
                    ]
                },
                "create": {
                    "categoryName": "create",
                    "roles": [
                        "$orguser"
                    ]
                }
            }
        },
        "tags": [],
        "disabledAPI": [],
        "_v": 0,
        "relatedTo": [],
        "acls": [
            {
                "permission": "ALLOW",
                "principalId": "$owner",
                "principalType": "ROLE",
                "accessType": "*"
            }
        ]
    },
    {
        "_id": "BJh12XIQv",
        "deploymentVersion": 1,
        "name": "mapping",
        "plural": "mappings",
        "properties": {
            "modifiedDate": {
                "defaultVal": "",
                "displayInView": true,
                "index": false,
                "id": false,
                "propertyName": "modifiedDate",
                "isArray": false,
                "system": true,
                "type": "Date",
                "label": "H",
                "required": "on"
            },
            "createdDate": {
                "defaultVal": "",
                "displayInView": true,
                "index": false,
                "id": false,
                "propertyName": "createdDate",
                "system": true,
                "isArray": false,
                "type": "Date",
                "label": "H",
                "required": "on"
            },
            "modifiedBy": {
                "defaultVal": "",
                "displayInView": true,
                "index": false,
                "system": true,
                "id": false,
                "propertyName": "modifiedBy",
                "isArray": false,
                "type": "string",
                "label": "",
                "required": "on"
            },
            "createdBy": {
                "defaultVal": "",
                "displayInView": true,
                "index": false,
                "id": false,
                "system": true,
                "propertyName": "createdBy",
                "isArray": false,
                "type": "string",
                "label": "",
                "required": "on"
            },
            "modelId": {
                "defaultVal": "",
                "displayInView": true,
                "index": false,
                "system": true,
                "id": false,
                "propertyName": "modelId",
                "isArray": false,
                "type": "string",
                "label": "",
                "required": "on"
            },
            "mappingName": {
                "defaultVal": "",
                "displayInView": true,
                "index": false,
                "id": false,
                "system": true,
                "propertyName": "mappingName",
                "isArray": false,
                "type": "string",
                "label": "",
                "required": "on"
            },
            "id": {
                "defaultVal": "",
                "displayInView": true,
                "builtIn": true,
                "index": true,
                "id": true,
                "propertyName": "id",
                "isArray": false,
                "type": "string",
                "label": "",
                "required": true
            }
        },
        "persistedModel": true,
        "_doctype": "Model",
        "backendId": "Bysk2QU7w",
        "dataSource": "mongoDb",
        "system": true,
        "_deleted": false,
        "_createdAt": "2020-09-15T04:53:56.184Z",
        "_modifiedAt": "2020-09-15T04:53:56.184Z",
        "_lv": 0,
        "strict": false,
        "mixins": {
            "DefaultDataMembers": true,
            "StringIdGenerationMixin": true,
            "Deletemixin": {
                "softDelete": true
            }
        },
        "permissions": {
            "categories": {
                "delete": {
                    "categoryName": "delete",
                    "roles": [
                        "$authenticated"
                    ]
                },
                "update": {
                    "categoryName": "update",
                    "roles": [
                        "$authenticated"
                    ]
                },
                "read": {
                    "categoryName": "read",
                    "roles": [
                        "$authenticated"
                    ]
                },
                "create": {
                    "categoryName": "create",
                    "roles": [
                        "$authenticated"
                    ]
                }
            }
        },
        "tags": [],
        "disabledAPI": [],
        "_v": 0,
        "relatedTo": [],
        "acls": [
            {
                "property": "*",
                "permission": "ALLOW",
                "principalId": "$authenticated",
                "principalType": "ROLE",
                "accessType": "*"
            }
        ]
    },
    {
        "_id": "HJ7nkhmIQD",
        "deploymentVersion": 1,
        "name": "Connection",
        "plural": "Connections",
        "properties": {
            "orgId": {
                "type": "number",
                "propertyName": "orgId",
                "system": true,
                "label": "orgId",
                "id": false,
                "displayInView": true,
                "description": ""
            },
            "MetaData": {
                "defaultVal": "",
                "displayInView": true,
                "index": false,
                "id": false,
                "system": true,
                "propertyName": "MetaData",
                "isArray": false,
                "type": "Object",
                "label": ""
            },
            "AccessType": {
                "defaultVal": "private",
                "displayInView": true,
                "index": false,
                "id": false,
                "system": true,
                "propertyName": "AccessType",
                "isArray": false,
                "type": "string",
                "label": ""
            },
            "CreatorId": {
                "defaultVal": "",
                "displayInView": true,
                "index": false,
                "id": false,
                "system": true,
                "propertyName": "CreatorId",
                "isArray": false,
                "type": "string",
                "label": ""
            },
            "CreatorName": {
                "defaultVal": "",
                "displayInView": true,
                "index": false,
                "id": false,
                "system": true,
                "propertyName": "CreatorName",
                "isArray": false,
                "type": "string",
                "label": ""
            },
            "ProfileId": {
                "defaultVal": "",
                "displayInView": true,
                "index": false,
                "id": false,
                "system": true,
                "propertyName": "ProfileId",
                "isArray": false,
                "type": "string",
                "label": ""
            },
            "ProfileName": {
                "defaultVal": "",
                "displayInView": true,
                "index": false,
                "id": false,
                "system": true,
                "propertyName": "ProfileName",
                "isArray": false,
                "type": "string",
                "label": ""
            },
            "Status": {
                "defaultVal": "",
                "displayInView": true,
                "index": false,
                "id": false,
                "system": true,
                "propertyName": "Status",
                "isArray": false,
                "type": "string",
                "label": ""
            },
            "ServiceId": {
                "defaultVal": "",
                "displayInView": true,
                "index": false,
                "id": false,
                "system": true,
                "propertyName": "ServiceId",
                "isArray": false,
                "type": "string",
                "label": ""
            },
            "OwnerId": {
                "defaultVal": "",
                "displayInView": true,
                "index": false,
                "id": false,
                "system": true,
                "propertyName": "OwnerId",
                "isArray": false,
                "type": "string",
                "label": ""
            },
            "id": {
                "defaultVal": "",
                "displayInView": true,
                "builtIn": true,
                "index": true,
                "id": true,
                "propertyName": "id",
                "isArray": false,
                "type": "string",
                "label": "id",
                "required": true
            }
        },
        "persistedModel": true,
        "_doctype": "Model",
        "backendId": "Bysk2QU7w",
        "dataSource": "mongoDb",
        "system": true,
        "_deleted": false,
        "_createdAt": "2020-09-15T04:53:56.183Z",
        "_modifiedAt": "2020-09-15T04:53:56.183Z",
        "_lv": 0,
        "strict": true,
        "mixins": {
            "Disableapi": {
                "disabledAPIs": []
            },
            "DeleteCascadeMixin": {
                "relations": []
            },
            "TenantMixin": true,
            "TrackChanges": false,
            "Deletemixin": {
                "softDelete": true
            }
        },
        "permissions": {
            "categories": {
                "delete": {
                    "categoryName": "delete",
                    "roles": [
                        "$authenticated"
                    ]
                },
                "update": {
                    "categoryName": "update",
                    "roles": [
                        "$authenticated"
                    ]
                },
                "read": {
                    "categoryName": "read",
                    "roles": [
                        "$authenticated"
                    ]
                },
                "create": {
                    "categoryName": "create",
                    "roles": [
                        "$authenticated"
                    ]
                }
            }
        },
        "tags": [],
        "disabledAPI": [],
        "_v": 0,
        "relatedTo": [],
        "acls": [
            {
                "property": "*",
                "permission": "ALLOW",
                "principalId": "$authenticated",
                "principalType": "ROLE",
                "accessType": "*"
            }
        ]
    },
    {
        "_id": "H1gnyhQ8Qv",
        "deploymentVersion": 1,
        "name": "User",
        "plural": "users",
        "properties": {
            "status": {
                "defaultVal": "",
                "displayInView": true,
                "builtIn": true,
                "propertyName": "status",
                "isArray": false,
                "type": "string",
                "label": ""
            },
            "picture": {
                "defaultVal": "",
                "displayInView": true,
                "builtIn": true,
                "propertyName": "picture",
                "isArray": false,
                "type": "string",
                "label": ""
            },
            "phone": {
                "defaultVal": "",
                "displayInView": true,
                "builtIn": true,
                "propertyName": "phone",
                "isArray": false,
                "type": "string",
                "label": ""
            },
            "language": {
                "defaultVal": "",
                "displayInView": true,
                "builtIn": true,
                "propertyName": "language",
                "isArray": false,
                "type": "string",
                "label": ""
            },
            "timezone": {
                "defaultVal": "",
                "displayInView": true,
                "builtIn": true,
                "propertyName": "timezone",
                "isArray": false,
                "type": "Object",
                "label": ""
            },
            "modifiedDate": {
                "defaultVal": "",
                "displayInView": true,
                "builtIn": true,
                "propertyName": "modifiedDate",
                "isArray": false,
                "type": "string",
                "label": ""
            },
            "createdDate": {
                "defaultVal": "",
                "displayInView": true,
                "builtIn": true,
                "propertyName": "createdDate",
                "isArray": false,
                "type": "string",
                "label": ""
            },
            "name": {
                "defaultVal": "",
                "displayInView": true,
                "builtIn": true,
                "propertyName": "name",
                "isArray": false,
                "type": "string",
                "label": ""
            },
            "email": {
                "required": true,
                "defaultVal": "",
                "displayInView": true,
                "builtIn": true,
                "propertyName": "email",
                "isArray": false,
                "type": "string",
                "label": ""
            },
            "username": {
                "defaultVal": "",
                "displayInView": true,
                "builtIn": true,
                "propertyName": "username",
                "isArray": false,
                "type": "string",
                "label": ""
            },
            "id": {
                "defaultVal": "",
                "displayInView": true,
                "builtIn": true,
                "index": true,
                "id": true,
                "propertyName": "id",
                "isArray": false,
                "type": "string",
                "label": "",
                "required": true
            }
        },
        "persistedModel": true,
        "_doctype": "Model",
        "backendId": "Bysk2QU7w",
        "dataSource": "mongoDb",
        "builtIn": true,
        "_deleted": false,
        "_createdAt": "2020-09-15T04:53:56.181Z",
        "_modifiedAt": "2020-09-15T04:53:56.181Z",
        "_lv": 0,
        "strict": true,
        "mixins": {
            "StringIdGenerationMixin": true,
            "Deletemixin": {
                "softDelete": true
            }
        },
        "permissions": {
            "apis": {
                "User@prototype@__create__AccessKey": {
                    "name": "__create__AccessKey",
                    "verb": "post",
                    "roles": [
                        "$instanceowner",
                        "$owner"
                    ],
                    "operationId": "User@prototype@__create__AccessKey"
                },
                "User@findById": {
                    "operationId": "User@findById",
                    "roles": [
                        "$owner",
                        "$instanceowner"
                    ],
                    "verb": "get",
                    "name": "findById"
                },
                "User@prototype@__findById__AccessKey": {
                    "operationId": "User@prototype@__findById__AccessKey",
                    "roles": [
                        "$owner",
                        "$instanceowner"
                    ],
                    "verb": "get",
                    "name": "__findById__AccessKey"
                },
                "User@prototype@__get__AccessKey": {
                    "operationId": "User@prototype@__get__AccessKey",
                    "roles": [
                        "$owner",
                        "$instanceowner"
                    ],
                    "verb": "get",
                    "name": "__get__AccessKey"
                },
                "User@me": {
                    "operationId": "User@me",
                    "roles": [
                        "$authenticated"
                    ],
                    "verb": "get",
                    "name": "me"
                },
                "User@prototype@__destroyById__AccessKey": {
                    "operationId": "User@prototype@__destroyById__AccessKey",
                    "roles": [
                        "$owner",
                        "$instanceowner"
                    ],
                    "verb": "delete",
                    "name": "__destroyById__AccessKey"
                },
                "User@prototype@__delete__AccessKey": {
                    "operationId": "User@prototype@__delete__AccessKey",
                    "roles": [
                        "$owner"
                    ],
                    "verb": "delete",
                    "name": "__delete__AccessKey"
                }
            },
            "categories": {
                "delete": {
                    "categoryName": "delete",
                    "roles": [
                        "$instanceowner"
                    ]
                },
                "update": {
                    "categoryName": "update",
                    "roles": [
                        "$owner",
                        "$instanceowner"
                    ]
                },
                "read": {
                    "categoryName": "read",
                    "roles": [
                        "$instanceowner"
                    ]
                },
                "create": {
                    "categoryName": "create",
                    "roles": [
                        "$instanceowner"
                    ]
                }
            }
        },
        "tags": [],
        "disabledAPI": [],
        "_v": 0,
        "relatedTo": [],
        "acls": [
            {
                "property": "*",
                "permission": "ALLOW",
                "principalId": "$authenticated",
                "principalType": "ROLE",
                "accessType": "*"
            }
        ]
    },
    {
        "_id": "Syv3k27UXv",
        "deploymentVersion": 1,
        "name": "jobDetail",
        "plural": "jobDetails",
        "properties": {
            "modifiedDate": {
                "defaultVal": "",
                "displayInView": true,
                "index": false,
                "system": true,
                "id": false,
                "propertyName": "modifiedDate",
                "isArray": false,
                "type": "Date",
                "label": "",
                "required": "on"
            },
            "createdDate": {
                "defaultVal": "",
                "displayInView": true,
                "index": false,
                "system": true,
                "id": false,
                "propertyName": "createdDate",
                "isArray": false,
                "type": "Date",
                "label": "",
                "required": "on"
            },
            "endRecordId": {
                "defaultVal": "",
                "displayInView": true,
                "index": false,
                "system": true,
                "id": false,
                "propertyName": "endRecordId",
                "isArray": false,
                "type": "string",
                "label": "",
                "required": false
            },
            "startRecordId": {
                "defaultVal": "",
                "displayInView": true,
                "index": false,
                "system": true,
                "id": false,
                "propertyName": "startRecordId",
                "isArray": false,
                "type": "string",
                "label": "",
                "required": false
            },
            "processStatus": {
                "defaultVal": "",
                "displayInView": true,
                "index": false,
                "system": true,
                "id": false,
                "propertyName": "processStatus",
                "isArray": false,
                "type": "string",
                "label": "",
                "required": "on"
            },
            "modelName": {
                "system": true,
                "defaultVal": "",
                "displayInView": true,
                "index": false,
                "id": false,
                "propertyName": "modelName",
                "isArray": false,
                "type": "string",
                "label": "",
                "required": false
            },
            "modelPluralName": {
                "defaultVal": "",
                "displayInView": true,
                "index": false,
                "system": true,
                "id": false,
                "propertyName": "modelId",
                "isArray": false,
                "type": "string",
                "label": "",
                "required": "on"
            },
            "modelId": {
                "defaultVal": "",
                "displayInView": true,
                "index": false,
                "system": true,
                "id": false,
                "propertyName": "modelId",
                "isArray": false,
                "type": "string",
                "label": "",
                "required": "on"
            },
            "mappingId": {
                "defaultVal": "",
                "displayInView": true,
                "index": false,
                "system": true,
                "id": false,
                "propertyName": "mappingId",
                "isArray": false,
                "type": "string",
                "label": "",
                "required": false
            },
            "fileName": {
                "defaultVal": "",
                "displayInView": true,
                "index": false,
                "system": true,
                "id": false,
                "propertyName": "fileName",
                "isArray": false,
                "type": "string",
                "label": "",
                "required": "on"
            },
            "userId": {
                "defaultVal": "",
                "displayInView": true,
                "index": false,
                "system": true,
                "id": false,
                "propertyName": "userId",
                "isArray": false,
                "type": "string",
                "label": "",
                "required": "on"
            },
            "jobType": {
                "defaultVal": "Import Data",
                "displayInView": true,
                "index": false,
                "id": false,
                "system": true,
                "propertyName": "jobType",
                "isArray": false,
                "type": "string",
                "label": "",
                "required": "on"
            },
            "id": {
                "defaultVal": "",
                "displayInView": true,
                "builtIn": true,
                "index": true,
                "id": true,
                "propertyName": "id",
                "isArray": false,
                "type": "string",
                "label": "",
                "required": true
            }
        },
        "persistedModel": true,
        "_doctype": "Model",
        "backendId": "Bysk2QU7w",
        "dataSource": "mongoDb",
        "system": true,
        "_deleted": false,
        "_createdAt": "2020-09-15T04:53:56.180Z",
        "_modifiedAt": "2020-09-15T04:53:56.180Z",
        "_lv": 0,
        "strict": false,
        "mixins": {
            "TenantMixin": true,
            "Deletemixin": {
                "softDelete": true
            }
        },
        "permissions": {
            "apis": {
                "jobDetail@hardDeleteAll": {
                    "operationId": "jobDetail@hardDeleteAll",
                    "roles": [
                        "$orguser"
                    ],
                    "verb": "delete",
                    "name": "hardDeleteAll"
                },
                "jobDetail@deleteJob": {
                    "operationId": "jobDetail@deleteJob",
                    "roles": [
                        "$orguser"
                    ],
                    "verb": "delete",
                    "name": "deleteJob"
                },
                "jobDetail@hardDeleteById": {
                    "operationId": "jobDetail@hardDeleteById",
                    "roles": [
                        "$orguser"
                    ],
                    "verb": "delete",
                    "name": "hardDeleteById"
                },
                "jobDetail@scheduleApi": {
                    "operationId": "jobDetail@scheduleApi",
                    "roles": [
                        "$orguser"
                    ],
                    "verb": "post",
                    "name": "scheduleApi"
                },
                "jobDetail@importData": {
                    "operationId": "jobDetail@importData",
                    "roles": [
                        "$orguser"
                    ],
                    "verb": "post",
                    "name": "importData"
                }
            },
            "categories": {
                "delete": {
                    "categoryName": "delete",
                    "roles": [
                        "$orguser"
                    ]
                },
                "update": {
                    "categoryName": "update",
                    "roles": [
                        "$orguser"
                    ]
                },
                "read": {
                    "categoryName": "read",
                    "roles": [
                        "$orguser"
                    ]
                },
                "create": {
                    "categoryName": "create",
                    "roles": [
                        "$orguser"
                    ]
                }
            }
        },
        "tags": [],
        "disabledAPI": [],
        "_v": 0,
        "relatedTo": [],
        "acls": [
            {
                "property": "*",
                "permission": "ALLOW",
                "principalId": "$authenticated",
                "principalType": "ROLE",
                "accessType": "*"
            }
        ]
    },
    {
        "_id": "BJd2Jhm87v",
        "deploymentVersion": 1,
        "name": "s3ObjectRoleMapping",
        "plural": "s3ObjectRoleMapping",
        "properties": {
            "principals": {
                "system": true,
                "type": "Object"
            },
            "resource": {
                "system": true,
                "type": "string"
            },
            "id": {
                "required": true,
                "id": true,
                "type": "string",
                "index": true
            }
        },
        "persistedModel": true,
        "_doctype": "Model",
        "backendId": "Bysk2QU7w",
        "dataSource": "mongoDb",
        "system": true,
        "_deleted": false,
        "_createdAt": "2020-09-15T04:53:56.180Z",
        "_modifiedAt": "2020-09-15T04:53:56.180Z",
        "_lv": 0,
        "strict": false,
        "mixins": {
            "Deletemixin": {
                "softDelete": true
            }
        },
        "permissions": {
            "categories": {
                "delete": {
                    "categoryName": "delete",
                    "roles": [
                        "$authenticated"
                    ]
                },
                "update": {
                    "categoryName": "update",
                    "roles": [
                        "$authenticated"
                    ]
                },
                "read": {
                    "categoryName": "read",
                    "roles": [
                        "$authenticated"
                    ]
                },
                "create": {
                    "categoryName": "create",
                    "roles": [
                        "$authenticated"
                    ]
                }
            }
        },
        "tags": [],
        "disabledAPI": [],
        "_v": 0,
        "relatedTo": [],
        "acls": [
            {
                "permission": "DENY",
                "principalId": "$everyone",
                "principalType": "ROLE",
                "accessType": "*"
            },
            {
                "property": "*",
                "permission": "ALLOW",
                "principalId": "$authenticated",
                "principalType": "ROLE",
                "accessType": "*"
            }
        ]
    },
    {
        "_id": "S18hy3Q8XP",
        "deploymentVersion": 1,
        "name": "Rule",
        "plural": "Rules",
        "properties": {
            "ModelSchema": {
                "defaultVal": "",
                "displayInView": true,
                "index": false,
                "id": false,
                "system": true,
                "propertyName": "ModelSchema",
                "isArray": false,
                "type": "Object",
                "label": ""
            },
            "ModelName": {
                "defaultVal": "",
                "displayInView": true,
                "index": false,
                "id": false,
                "system": true,
                "propertyName": "ModelName",
                "isArray": false,
                "type": "string",
                "label": ""
            },
            "MetaData": {
                "defaultVal": "",
                "displayInView": true,
                "index": false,
                "id": false,
                "system": true,
                "propertyName": "MetaData",
                "isArray": false,
                "type": "Object",
                "label": ""
            },
            "CreatorId": {
                "defaultVal": "",
                "displayInView": true,
                "index": false,
                "id": false,
                "system": true,
                "propertyName": "CreatorId",
                "isArray": false,
                "type": "string",
                "label": ""
            },
            "CreatorName": {
                "defaultVal": "",
                "displayInView": true,
                "index": false,
                "id": false,
                "system": true,
                "propertyName": "CreatorName",
                "isArray": false,
                "type": "string",
                "label": ""
            },
            "Name": {
                "defaultVal": "",
                "displayInView": true,
                "index": false,
                "id": false,
                "system": true,
                "propertyName": "Name",
                "isArray": false,
                "type": "string",
                "label": ""
            },
            "Rule": {
                "defaultVal": "",
                "displayInView": true,
                "index": false,
                "id": false,
                "system": true,
                "propertyName": "Rule",
                "isArray": false,
                "type": "string",
                "label": ""
            },
            "id": {
                "defaultVal": "",
                "displayInView": true,
                "builtIn": true,
                "index": true,
                "id": true,
                "propertyName": "id",
                "isArray": false,
                "type": "string",
                "label": "id",
                "required": true
            }
        },
        "persistedModel": true,
        "_doctype": "Model",
        "backendId": "Bysk2QU7w",
        "dataSource": "mongoDb",
        "system": true,
        "_deleted": false,
        "_createdAt": "2020-09-15T04:53:56.179Z",
        "_modifiedAt": "2020-09-15T04:53:56.179Z",
        "_lv": 0,
        "strict": true,
        "mixins": {
            "Deletemixin": {
                "softDelete": true
            }
        },
        "permissions": {
            "categories": {
                "delete": {
                    "categoryName": "delete",
                    "roles": [
                        "$authenticated"
                    ]
                },
                "update": {
                    "categoryName": "update",
                    "roles": [
                        "$authenticated"
                    ]
                },
                "read": {
                    "categoryName": "read",
                    "roles": [
                        "$authenticated"
                    ]
                },
                "create": {
                    "categoryName": "create",
                    "roles": [
                        "$authenticated"
                    ]
                }
            }
        },
        "tags": [],
        "disabledAPI": [],
        "_v": 0,
        "relatedTo": [],
        "acls": [
            {
                "property": "*",
                "permission": "ALLOW",
                "principalId": "$authenticated",
                "principalType": "ROLE",
                "accessType": "*"
            }
        ]
    },
    {
        "_id": "ryBhJnQIXD",
        "deploymentVersion": 1,
        "name": "AccessKey",
        "plural": "AccessKeys",
        "properties": {
            "expiresat": {
                "system": true,
                "required": false,
                "type": "date"
            },
            "accesssecret": {
                "system": true,
                "proptype": "user_defined",
                "description": "accesssecret",
                "id": false,
                "type": "string",
                "minLength": 0,
                "label": "accesssecret",
                "index": true,
                "isArray": false,
                "displayInView": true,
                "maxLength": 0,
                "regExp": "",
                "useDefaultValCheck": false,
                "propertyName": "accesssecret",
                "defaultVal": ""
            },
            "accesskey": {
                "system": true,
                "proptype": "user_defined",
                "description": "",
                "id": false,
                "type": "string",
                "minLength": 0,
                "label": "accesskey",
                "index": true,
                "isArray": false,
                "displayInView": true,
                "maxLength": 0,
                "regExp": "",
                "useDefaultValCheck": false,
                "propertyName": "accesskey",
                "defaultVal": ""
            },
            "id": {
                "description": "",
                "id": true,
                "type": "string",
                "minLength": 0,
                "label": "id",
                "index": true,
                "isArray": false,
                "system": true,
                "displayInView": true,
                "maxLength": 0,
                "strict": true,
                "regExp": "",
                "propertyName": "id",
                "defaultVal": ""
            }
        },
        "persistedModel": true,
        "_doctype": "Model",
        "backendId": "Bysk2QU7w",
        "dataSource": "mongoDb",
        "system": true,
        "_deleted": false,
        "_createdAt": "2020-09-15T04:53:56.178Z",
        "_modifiedAt": "2020-09-15T04:53:56.178Z",
        "_lv": 0,
        "strict": false,
        "mixins": {
            "Deletemixin": {
                "softDelete": true
            }
        },
        "permissions": {
            "categories": {
                "delete": {
                    "categoryName": "delete",
                    "roles": [
                        "$instanceowner"
                    ]
                },
                "update": {
                    "categoryName": "update",
                    "roles": [
                        "$instanceowner"
                    ]
                },
                "read": {
                    "categoryName": "read",
                    "roles": [
                        "$instanceowner"
                    ]
                },
                "create": {
                    "categoryName": "create",
                    "roles": [
                        "$instanceowner"
                    ]
                }
            }
        },
        "tags": [],
        "disabledAPI": [],
        "_v": 0,
        "relatedTo": [],
        "acls": [
            {
                "permission": "DENY",
                "principalId": "$everyone",
                "principalType": "ROLE",
                "accessType": "*"
            },
            {
                "property": "*",
                "principalId": "$instanceowner",
                "accessType": "EXECUTE",
                "permission": "ALLOW",
                "principalType": "ROLE"
            },
            {
                "property": [
                    "verifySignatureV2",
                    "verifySignatureV4",
                    "getCanonicalIds",
                    "getEmailAddresses"
                ],
                "principalId": "$everyone",
                "accessType": "EXECUTE",
                "permission": "ALLOW",
                "principalType": "ROLE"
            }
        ]
    },
    {
        "_id": "SJKhyh7UXv",
        "deploymentVersion": 1,
        "name": "Organization",
        "plural": "Organizations",
        "properties": {
            "defaultDomain": {
                "builtIn": true,
                "index": false,
                "id": false,
                "displayInView": true,
                "label": "defaultDomain",
                "propertyName": "defaultDomain",
                "isArray": false,
                "type": "boolean",
                "required": false
            },
            "admin": {
                "builtIn": true,
                "defaultVal": "",
                "displayInView": true,
                "index": false,
                "id": false,
                "propertyName": "admin",
                "isArray": false,
                "type": "string",
                "label": "admin",
                "required": false
            },
            "address": {
                "index": false,
                "id": false,
                "displayInView": true,
                "builtIn": true,
                "propertyName": "address",
                "label": "address",
                "required": false,
                "type": "String"
            },
            "phoneno": {
                "index": false,
                "id": false,
                "displayInView": true,
                "builtIn": true,
                "propertyName": "phoneno",
                "label": "phoneno",
                "required": false,
                "type": "Number"
            },
            "logoUrl": {
                "index": false,
                "id": false,
                "displayInView": true,
                "builtIn": true,
                "propertyName": "logo",
                "label": "logo",
                "required": false,
                "type": "String"
            },
            "description": {
                "index": false,
                "id": false,
                "displayInView": true,
                "builtIn": true,
                "propertyName": "description",
                "label": "description",
                "required": false,
                "type": "string"
            },
            "name": {
                "displayInView": true,
                "builtIn": true,
                "index": true,
                "propertyName": "name",
                "label": "name",
                "required": true,
                "type": "String"
            },
            "id": {
                "system": true,
                "builtIn": true,
                "index": true,
                "label": "id",
                "propertyName": "id",
                "required": true,
                "id": true,
                "type": "Number"
            }
        },
        "persistedModel": true,
        "_doctype": "Model",
        "backendId": "Bysk2QU7w",
        "dataSource": "mongoDb",
        "system": true,
        "_deleted": false,
        "_createdAt": "2020-09-15T04:53:56.177Z",
        "_modifiedAt": "2020-09-15T04:53:56.177Z",
        "_lv": 0,
        "strict": true,
        "mixins": {
            "Deletemixin": {
                "softDelete": true
            }
        },
        "permissions": {
            "apis": {
                "Organization@fetchRoleFromOrgUser": {
                    "operationId": "Organization@fetchRoleFromOrgUser",
                    "roles": [
                        "$instanceowner",
                        "$orguser"
                    ],
                    "verb": "get",
                    "name": "fetchRoleFromOrgUser"
                },
                "Organization@removeUserAccessKeys": {
                    "operationId": "Organization@removeUserAccessKeys",
                    "roles": [
                        "$instanceowner",
                        "$owner"
                    ],
                    "verb": "delete",
                    "name": "removeUserAccessKeys"
                },
                "Organization@addUserAccessKeys": {
                    "operationId": "Organization@addUserAccessKeys",
                    "roles": [
                        "$instanceowner",
                        "$owner"
                    ],
                    "verb": "post",
                    "name": "addUserAccessKeys"
                },
                "Organization@fetchUserAccessKeys": {
                    "operationId": "Organization@fetchUserAccessKeys",
                    "roles": [
                        "$instanceowner"
                    ],
                    "verb": "get",
                    "name": "fetchUserAccessKeys"
                },
                "Organization@revokeRoleFromOrgUser": {
                    "operationId": "Organization@revokeRoleFromOrgUser",
                    "roles": [
                        "$instanceowner",
                        "$orgowner"
                    ],
                    "verb": "delete",
                    "name": "revokeRoleFromOrgUser"
                },
                "Organization@assignRoleToOrgUser": {
                    "operationId": "Organization@assignRoleToOrgUser",
                    "roles": [
                        "$instanceowner",
                        "$orgowner"
                    ],
                    "verb": "delete",
                    "name": "assignRoleToOrgUser"
                },
                "Organization@removeOrgUser": {
                    "operationId": "Organization@removeOrgUser",
                    "roles": [
                        "$instanceowner",
                        "$orgowner"
                    ],
                    "verb": "delete",
                    "name": "removeOrgUser"
                },
                "Organization@getOrgUsersCount": {
                    "operationId": "Organization@getOrgUsersCount",
                    "roles": [
                        "$instanceowner",
                        "$orguser"
                    ],
                    "verb": "get",
                    "name": "getOrgUsersCount"
                },
                "Organization@getOrgUsers": {
                    "operationId": "Organization@getOrgUsers",
                    "roles": [
                        "$instanceowner",
                        "$orguser"
                    ],
                    "verb": "get",
                    "name": "getOrgUsers"
                },
                "Organization@getOrgUserById": {
                    "operationId": "Organization@getOrgUserById",
                    "roles": [
                        "$instanceowner",
                        "$orguser"
                    ],
                    "verb": "get",
                    "name": "getOrgUserById"
                },
                "Organization@addOrgUser": {
                    "operationId": "Organization@addOrgUser",
                    "roles": [
                        "$instanceowner",
                        "$orgowner"
                    ],
                    "verb": "post",
                    "name": "addOrgUser"
                },
                "Organization@prototype@__get__OrganizationDomains": {
                    "operationId": "Organization@prototype@__get__OrganizationDomains",
                    "roles": [
                        "$authenticated"
                    ],
                    "verb": "get",
                    "name": "__get__OrganizationDomains"
                },
                "Organization@prototype@__destroyById__OrganizationDomains": {
                    "operationId": "Organization@prototype@__destroyById__OrganizationDomains",
                    "roles": [
                        "$instanceowner",
                        "$orgowner"
                    ],
                    "verb": "delete",
                    "name": "__destroyById__OrganizationDomains"
                },
                "Organization@prototype@__create__OrganizationDomains": {
                    "operationId": "Organization@prototype@__create__OrganizationDomains",
                    "roles": [
                        "$instanceowner",
                        "$orgowner"
                    ],
                    "verb": "post",
                    "name": "__create__OrganizationDomains"
                },
                "Organization@hardDeleteById": {
                    "operationId": "Organization@hardDeleteById",
                    "roles": [
                        "$instanceowner"
                    ],
                    "verb": "delete",
                    "name": "hardDeleteById"
                },
                "Organization@undeleteById": {
                    "operationId": "Organization@undeleteById",
                    "roles": [
                        "$instanceowner"
                    ],
                    "verb": "post",
                    "name": "undeleteById"
                },
                "Organization@deleteOrganizationById": {
                    "operationId": "Organization@deleteOrganizationById",
                    "roles": [
                        "$instanceowner"
                    ],
                    "verb": "delete",
                    "name": "deleteOrganizationById"
                },
                "Organization@prototype@updateAttributes__patch_Organizations_{id}": {
                    "operationId": "Organization@prototype@updateAttributes__patch_Organizations_{id}",
                    "roles": [
                        "$instanceowner",
                        "$orgowner"
                    ],
                    "verb": "patch",
                    "name": "updateAttributes"
                },
                "Organization@prototype@updateAttributes__put_Organizations_{id}": {
                    "operationId": "Organization@prototype@updateAttributes__put_Organizations_{id}",
                    "roles": [
                        "$instanceowner",
                        "$orgowner"
                    ],
                    "verb": "put",
                    "name": "updateAttributes"
                },
                "Organization@listUsers": {
                    "operationId": "Organization@listUsers",
                    "roles": [
                        "$instanceowner"
                    ],
                    "verb": "get",
                    "name": "list"
                },
                "Organization@list": {
                    "operationId": "Organization@list",
                    "roles": [
                        "$authenticated"
                    ],
                    "verb": "get",
                    "name": "list"
                },
                "Organization@jsonSchema": {
                    "operationId": "Organization@jsonSchema",
                    "roles": [
                        "$authenticated"
                    ],
                    "verb": "get",
                    "name": "jsonSchema"
                },
                "Organization@createOrganization": {
                    "operationId": "Organization@createOrganization",
                    "roles": [
                        "$instanceowner"
                    ],
                    "verb": "post",
                    "name": "createOrganization"
                },
                "Organization@findById": {
                    "operationId": "Organization@findById",
                    "roles": [
                        "$authenticated"
                    ],
                    "verb": "get",
                    "name": "findById"
                },
                "Organization@find": {
                    "operationId": "Organization@find",
                    "roles": [
                        "$authenticated"
                    ],
                    "verb": "get",
                    "name": "find"
                }
            },
            "categories": {
                "delete": {
                    "categoryName": "delete",
                    "roles": []
                },
                "update": {
                    "categoryName": "update",
                    "roles": []
                },
                "read": {
                    "categoryName": "read",
                    "roles": []
                },
                "create": {
                    "categoryName": "create",
                    "roles": []
                }
            }
        },
        "tags": [],
        "disabledAPI": [],
        "_v": 0,
        "relatedTo": [],
        "acls": [
            {
                "property": "*",
                "permission": "ALLOW",
                "principalId": "$authenticated",
                "principalType": "ROLE",
                "accessType": "*"
            }
        ]
    },
    {
        "_id": "ByXU013XLXv",
        "name": "Admin",
        "type": "role",
        "backendId": "Bysk2QU7w",
        "_doctype": "Role",
        "_lv": 1,
        "displayName": "",
        "_modifiedAt": "2020-08-24T05:48:11.106Z",
        "_createdAt": "2020-08-24T05:48:11.106Z",
        "_deleted": false
    },
    {
        "_id": "BJSLAkhXU7w",
        "name": "$owner",
        "type": "check",
        "resolver": "function $owner(role, context) {  return '';  }",
        "backendId": "Bysk2QU7w",
        "_doctype": "Role",
        "_lv": 1,
        "displayName": "",
        "_modifiedAt": "2020-08-24T05:48:11.106Z",
        "_createdAt": "2020-08-24T05:48:11.106Z",
        "_deleted": false
    },
    {
        "_id": "SyILCJ2787P",
        "name": "$authenticated",
        "type": "check",
        "resolver": "function $authenticated(role, context) {  return '';  }",
        "backendId": "Bysk2QU7w",
        "_doctype": "Role",
        "_lv": 1,
        "displayName": "",
        "_modifiedAt": "2020-08-24T05:48:11.106Z",
        "_createdAt": "2020-08-24T05:48:11.106Z",
        "_deleted": false
    },
    {
        "_id": "HJGLRk37LmP",
        "name": "Owner",
        "type": "role",
        "backendId": "Bysk2QU7w",
        "_doctype": "Role",
        "_lv": 1,
        "displayName": "",
        "_modifiedAt": "2020-08-24T05:48:11.106Z",
        "_createdAt": "2020-08-24T05:48:11.106Z",
        "_deleted": false
    },
    {
        "_id": "Syv8A1hQU7w",
        "name": "$unauthenticated",
        "type": "check",
        "resolver": "function $unauthenticated(role, context) {  return '';  }",
        "backendId": "Bysk2QU7w",
        "_doctype": "Role",
        "_lv": 1,
        "displayName": "",
        "_modifiedAt": "2020-08-24T05:48:11.106Z",
        "_createdAt": "2020-08-24T05:48:11.106Z",
        "_deleted": false
    },
    {
        "_id": "BkNUAyh7UQP",
        "name": "Public",
        "type": "role",
        "backendId": "Bysk2QU7w",
        "_doctype": "Role",
        "_lv": 1,
        "displayName": "",
        "_modifiedAt": "2020-08-24T05:48:11.106Z",
        "_createdAt": "2020-08-24T05:48:11.106Z",
        "_deleted": false
    },
    {
        "_id": "Bk_LRJ2QI7P",
        "name": "$everyone",
        "type": "check",
        "resolver": "function $everyone(role, context) {  return '';  }",
        "backendId": "Bysk2QU7w",
        "_doctype": "Role",
        "_lv": 1,
        "displayName": "",
        "_modifiedAt": "2020-08-24T05:48:11.106Z",
        "_createdAt": "2020-08-24T05:48:11.106Z",
        "_deleted": false
    },
    {
        "_id": "H1GNDNLXP",
        "deploymentVersion": 2,
        "name": "Employee",
        "plural": "Employees",
        "properties": {
            "id": {
                "defaultVal": "",
                "propertyName": "id",
                "regExp": "",
                "maxLength": 0,
                "displayInView": true,
                "system": true,
                "isArray": false,
                "index": true,
                "label": "id",
                "minLength": 0,
                "type": "string",
                "id": true,
                "description": "",
                "required": false
            },
            "fjhfj": {
                "defaultVal": false,
                "propertyName": "fjhfj",
                "useDefaultValCheck": false,
                "displayInView": true,
                "isArray": false,
                "index": false,
                "label": "fjhfj",
                "type": "boolean",
                "id": false,
                "createdAt": 1598882158911,
                "description": "",
                "proptype": "user_defined",
                "createdBy": "bhagyshree@bitpod.io",
                "required": false
            },
            "vmmmmmm": {
                "minDate": "",
                "defaultVal": "",
                "propertyName": "vmmmmmm",
                "useDefaultValCheck": false,
                "regExp": "",
                "displayInView": true,
                "isArray": false,
                "index": false,
                "maxDate": "",
                "label": "vmmmmmm",
                "type": "date",
                "id": false,
                "createdAt": 1598882152135,
                "description": "",
                "proptype": "user_defined",
                "createdBy": "bhagyshree@bitpod.io",
                "required": false
            },
            "fghj": {
                "defaultVal": "",
                "propertyName": "fghj",
                "useDefaultValCheck": false,
                "regExp": "",
                "displayInView": true,
                "isArray": false,
                "minVal": null,
                "index": false,
                "label": "fghj",
                "type": "number",
                "id": false,
                "createdAt": 1598882145646,
                "description": "",
                "proptype": "user_defined",
                "maxVal": null,
                "createdBy": "bhagyshree@bitpod.io",
                "required": false
            },
            "ffff": {
                "defaultVal": "",
                "propertyName": "ffff",
                "useDefaultValCheck": false,
                "regExp": "",
                "maxLength": null,
                "displayInView": true,
                "isArray": false,
                "index": false,
                "label": "ffff",
                "minLength": null,
                "type": "string",
                "id": false,
                "createdAt": 1598882138575,
                "description": "",
                "proptype": "user_defined",
                "createdBy": "bhagyshree@bitpod.io",
                "required": false
            },
            "orgId": {
                "defaultVal": "",
                "propertyName": "orgId",
                "displayInView": true,
                "system": true,
                "label": "orgId",
                "type": "number",
                "id": false,
                "description": "",
                "required": true
            }
        },
        "persistedModel": true,
        "_doctype": "Model",
        "backendId": "Bysk2QU7w",
        "dataSource": "mongoDb",
        "_deleted": false,
        "_createdAt": "2020-09-15T04:53:56.176Z",
        "_modifiedAt": "2020-09-15T04:53:56.176Z",
        "_lv": 0,
        "strict": true,
        "mixins": {
            "TenantMixin": true,
            "TrackChanges": false,
            "Deletemixin": {
                "softDelete": true
            }
        },
        "permissions": {
            "apis": {
                "Employee@create": {
                    "name": "create",
                    "verb": "post",
                    "roles": [],
                    "operationId": "Employee@create"
                },
                "Employee@updateResource_ljUM": {
                    "name": "updateResource_ljUM",
                    "verb": "patch",
                    "roles": [],
                    "operationId": "Employee@updateResource_ljUM"
                },
                "Employee@replaceResource_YYOW": {
                    "name": "replaceResource_YYOW",
                    "verb": "put",
                    "roles": [],
                    "operationId": "Employee@replaceResource_YYOW"
                },
                "Employee@getData_dUOG": {
                    "operationId": "Employee@getData_dUOG",
                    "roles": [],
                    "verb": "get",
                    "name": "getData_dUOG"
                },
                "Employee@createResource_WxOl": {
                    "name": "createResource_WxOl",
                    "verb": "post",
                    "roles": [],
                    "operationId": "Employee@createResource_WxOl"
                },
                "Employee@deleteResource_QztK": {
                    "operationId": "Employee@deleteResource_QztK",
                    "roles": [],
                    "verb": "delete",
                    "name": "deleteResource_QztK"
                }
            },
            "categories": {
                "create": {
                    "categoryName": "create",
                    "roles": [
                        "tester"
                    ]
                },
                "update": {
                    "roles": [
                        "$orguser"
                    ]
                },
                "read": {
                    "roles": [
                        "tester"
                    ],
                    "categoryName": "read"
                },
                "delete": {
                    "roles": [
                        "$orguser"
                    ]
                }
            }
        },
        "tags": [],
        "disabledAPI": [],
        "_v": 0,
        "relatedTo": [],
        "acls": [
            {
                "property": "*",
                "permission": "ALLOW",
                "principalId": "$authenticated",
                "principalType": "ROLE",
                "accessType": "*"
            }
        ],
        "relations": [
            {
                "A": {
                    "name": "",
                    "modelName": "Organization"
                },
                "B": {
                    "name": "myOrganization",
                    "modelName": "Employee"
                },
                "participated_models": [
                    "Organization",
                    "Employee"
                ],
                "_lv": 0,
                "foreignKey": "orgId",
                "system": true,
                "backendId": "Bysk2QU7w",
                "deploymentVersion": 2,
                "isForeignKeyAnArray": false,
                "_v": 1,
                "_id": "5f48b72ad4405b000dc1ddb6",
                "_deleted": false,
                "type": "belongsTo",
                "_modifiedAt": "2020-08-28T07:50:02.210Z",
                "_createdAt": "2020-08-28T07:50:02.210Z",
                "cascadeDelete": true
            },
            {
                "A": {
                    "name": "department",
                    "modelName": "Employee"
                },
                "B": {
                    "name": "employee",
                    "modelName": "department"
                },
                "participated_models": [
                    "Employee",
                    "department"
                ],
                "foreignKeyType": "string",
                "_lv": 0,
                "foreignKey": "employeeId",
                "system": false,
                "backendId": "Bysk2QU7w",
                "deploymentVersion": 2,
                "isForeignKeyAnArray": false,
                "_v": 1,
                "_id": "5f48b73f730f010edc8b4a71",
                "_deleted": false,
                "type": "1-1 Relation",
                "_modifiedAt": "2020-08-28T07:50:23.337Z",
                "_createdAt": "2020-08-28T07:50:23.337Z",
                "cascadeDelete": false
            },
            {
                "A": {
                    "name": "departments",
                    "modelName": "Employee"
                },
                "B": {
                    "name": "employeed",
                    "modelName": "department"
                },
                "participated_models": [
                    "Employee",
                    "department"
                ],
                "foreignKeyType": "string",
                "_lv": 0,
                "foreignKey": "employeeId",
                "system": false,
                "backendId": "Bysk2QU7w",
                "deploymentVersion": 2,
                "isForeignKeyAnArray": false,
                "_v": 1,
                "_id": "5f48b74c730f010edc8b4a72",
                "_deleted": false,
                "type": "1-N Relation",
                "_modifiedAt": "2020-08-28T07:50:36.284Z",
                "_createdAt": "2020-08-28T07:50:36.284Z",
                "cascadeDelete": false
            }
        ]
    },
    {
        "_id": "B1FVwELmD",
        "deploymentVersion": 2,
        "name": "department",
        "plural": "departments",
        "properties": {
            "id": {
                "type": "string",
                "required": false,
                "regExp": "",
                "propertyName": "id",
                "minLength": 0,
                "maxLength": 0,
                "system": true,
                "label": "id",
                "isArray": false,
                "index": true,
                "id": true,
                "displayInView": true,
                "description": "",
                "defaultVal": ""
            },
            "orgId": {
                "type": "number",
                "required": true,
                "propertyName": "orgId",
                "system": true,
                "label": "orgId",
                "id": false,
                "displayInView": true,
                "description": "",
                "defaultVal": ""
            }
        },
        "persistedModel": true,
        "_doctype": "Model",
        "backendId": "Bysk2QU7w",
        "dataSource": "mongoDb",
        "_deleted": false,
        "_createdAt": "2020-09-15T04:53:56.175Z",
        "_modifiedAt": "2020-09-15T04:53:56.175Z",
        "_lv": 2,
        "strict": true,
        "mixins": {
            "TenantMixin": true,
            "TrackChanges": false,
            "Deletemixin": {
                "softDelete": true
            }
        },
        "permissions": {
            "apis": {
                "department@createResource_GISp": {
                    "name": "createResource_GISp",
                    "verb": "post",
                    "roles": [],
                    "operationId": "department@createResource_GISp"
                },
                "department@createResource_rIIr": {
                    "name": "createResource_rIIr",
                    "verb": "post",
                    "roles": [],
                    "operationId": "department@createResource_rIIr"
                }
            },
            "categories": {
                "create": {
                    "roles": [
                        "$orguser"
                    ]
                },
                "update": {
                    "roles": [
                        "$orguser"
                    ]
                },
                "read": {
                    "roles": [
                        "$orguser"
                    ]
                },
                "delete": {
                    "roles": [
                        "$orguser"
                    ]
                }
            }
        },
        "tags": [],
        "disabledAPI": [],
        "_v": 0,
        "relatedTo": [],
        "acls": [
            {
                "property": "*",
                "permission": "ALLOW",
                "principalId": "$authenticated",
                "principalType": "ROLE",
                "accessType": "*"
            }
        ]
    },
    {
        "_id": "HJrFTD1ND",
        "deploymentVersion": 9,
        "name": "shree",
        "plural": "shrees",
        "properties": {
            "id": {
                "type": "string",
                "required": false,
                "regExp": "",
                "propertyName": "id",
                "minLength": 0,
                "maxLength": 0,
                "system": true,
                "label": "id",
                "isArray": false,
                "index": true,
                "id": true,
                "displayInView": true,
                "description": "",
                "defaultVal": ""
            },
            "orgId": {
                "type": "number",
                "required": true,
                "propertyName": "orgId",
                "system": true,
                "label": "orgId",
                "id": false,
                "displayInView": true,
                "description": "",
                "defaultVal": ""
            }
        },
        "persistedModel": true,
        "_doctype": "Model",
        "backendId": "Bysk2QU7w",
        "dataSource": "mongoDb",
        "_deleted": false,
        "_createdAt": "2020-09-15T04:53:56.173Z",
        "_modifiedAt": "2020-09-15T04:53:56.173Z",
        "_lv": 0,
        "strict": true,
        "mixins": {
            "TenantMixin": true,
            "TrackChanges": false,
            "Deletemixin": {
                "softDelete": true
            }
        },
        "permissions": {
            "categories": {
                "create": {
                    "roles": [
                        "$orguser"
                    ]
                },
                "update": {
                    "roles": [
                        "$orguser"
                    ]
                },
                "read": {
                    "roles": [
                        "$orguser"
                    ]
                },
                "delete": {
                    "roles": [
                        "$orguser"
                    ]
                }
            },
            "apis": {
                "shree@createResource_YGGI": {
                    "operationId": "shree@createResource_YGGI",
                    "roles": [],
                    "verb": "post",
                    "name": "createResource_YGGI"
                }
            }
        },
        "tags": [],
        "disabledAPI": [],
        "_v": 0,
        "relatedTo": [],
        "acls": [
            {
                "property": "*",
                "permission": "ALLOW",
                "principalId": "$authenticated",
                "principalType": "ROLE",
                "accessType": "*"
            }
        ],
        "relations": [
            {
                "A": {
                    "name": "",
                    "modelName": "Organization"
                },
                "B": {
                    "name": "myOrganization",
                    "modelName": "shree"
                },
                "participated_models": [
                    "Organization",
                    "shree"
                ],
                "_lv": 0,
                "foreignKey": "orgId",
                "system": true,
                "backendId": "Bysk2QU7w",
                "deploymentVersion": 9,
                "isForeignKeyAnArray": false,
                "_v": 1,
                "_id": "5f51ed7cd4405b000dc1ddcf",
                "_deleted": false,
                "type": "belongsTo",
                "_modifiedAt": "2020-09-04T07:32:12.901Z",
                "_createdAt": "2020-09-04T07:32:12.901Z",
                "cascadeDelete": true
            }
        ]
    },
    {
        "_id": "SJ9om52Ew",
        "deploymentVersion": 13,
        "name": "workflowxzxz",
        "plural": "workflowxzxzes",
        "properties": {
            "orgId": {
                "defaultVal": "",
                "description": "",
                "displayInView": true,
                "id": false,
                "label": "orgId",
                "system": true,
                "propertyName": "orgId",
                "required": true,
                "type": "number"
            },
            "id": {
                "defaultVal": "",
                "description": "",
                "displayInView": true,
                "id": true,
                "index": true,
                "isArray": false,
                "label": "id",
                "system": true,
                "maxLength": 0,
                "minLength": 0,
                "propertyName": "id",
                "regExp": "",
                "required": false,
                "type": "string"
            }
        },
        "persistedModel": true,
        "_doctype": "Model",
        "backendId": "Bysk2QU7w",
        "dataSource": "mongoDb",
        "_deleted": false,
        "_createdAt": "2020-09-15T04:53:56.172Z",
        "_modifiedAt": "2020-09-15T04:53:56.172Z",
        "_lv": 0,
        "strict": true,
        "mixins": {
            "TrackChanges": false,
            "TenantMixin": true,
            "Deletemixin": {
                "softDelete": true
            }
        },
        "permissions": {
            "categories": {
                "create": {
                    "roles": [
                        "$orguser"
                    ]
                },
                "update": {
                    "roles": [
                        "$orguser"
                    ]
                },
                "read": {
                    "roles": [
                        "$orguser"
                    ]
                },
                "delete": {
                    "roles": [
                        "$orguser"
                    ]
                }
            }
        },
        "tags": [],
        "disabledAPI": [],
        "_v": 0,
        "relatedTo": [],
        "acls": [
            {
                "accessType": "*",
                "principalType": "ROLE",
                "principalId": "$authenticated",
                "permission": "ALLOW",
                "property": "*"
            }
        ]
    },
    {
        "_id": "r18cVsn4w",
        "deploymentVersion": 14,
        "name": "edddddddd",
        "plural": "edddddddds",
        "properties": {
            "id": {
                "defaultVal": "",
                "propertyName": "id",
                "regExp": "",
                "maxLength": 0,
                "displayInView": true,
                "system": true,
                "isArray": false,
                "index": true,
                "label": "id",
                "minLength": 0,
                "type": "string",
                "id": true,
                "description": "",
                "required": false
            },
            "aaaa": {
                "defaultVal": false,
                "propertyName": "aaaa",
                "useDefaultValCheck": false,
                "displayInView": true,
                "isArray": false,
                "index": false,
                "label": "aaaa",
                "type": "boolean",
                "id": false,
                "createdAt": 1600070850295,
                "description": "",
                "proptype": "user_defined",
                "createdBy": "bhagyshree@bitpod.io",
                "required": false
            },
            "orgId": {
                "defaultVal": "",
                "propertyName": "orgId",
                "displayInView": true,
                "system": true,
                "label": "orgId",
                "type": "number",
                "id": false,
                "description": "",
                "required": true
            }
        },
        "persistedModel": true,
        "_doctype": "Model",
        "backendId": "Bysk2QU7w",
        "dataSource": "mongoDb",
        "_deleted": false,
        "_createdAt": "2020-09-15T04:53:56.172Z",
        "_modifiedAt": "2020-09-15T04:53:56.172Z",
        "_lv": 0,
        "strict": true,
        "mixins": {
            "TrackChanges": false,
            "TenantMixin": true,
            "Deletemixin": {
                "softDelete": true
            }
        },
        "permissions": {
            "categories": {
                "create": {
                    "roles": [
                        "$orguser"
                    ]
                },
                "update": {
                    "roles": [
                        "$orguser"
                    ]
                },
                "read": {
                    "roles": [
                        "$orguser"
                    ]
                },
                "delete": {
                    "roles": [
                        "$orguser"
                    ]
                }
            }
        },
        "tags": [],
        "disabledAPI": [],
        "_v": 0,
        "relatedTo": [],
        "acls": [
            {
                "property": "*",
                "permission": "ALLOW",
                "principalId": "$authenticated",
                "principalType": "ROLE",
                "accessType": "*"
            }
        ],
        "relations": [
            {
                "A": {
                    "name": "",
                    "modelName": "Organization"
                },
                "B": {
                    "name": "myOrganization",
                    "modelName": "edddddddd"
                },
                "participated_models": [
                    "Organization",
                    "edddddddd"
                ],
                "_lv": 1,
                "foreignKey": "orgId",
                "system": true,
                "backendId": "Bysk2QU7w",
                "deploymentVersion": 14,
                "isForeignKeyAnArray": false,
                "_v": 0,
                "_id": "5f5f248ebcbf19000d2e9151",
                "_deleted": false,
                "type": "belongsTo",
                "_modifiedAt": "2020-09-14T08:06:38.024Z",
                "_createdAt": "2020-09-14T08:06:38.024Z",
                "cascadeDelete": true
            }
        ]
    },
    {
        "_id": "HkJRJA34D",
        "deploymentVersion": 16,
        "name": "sheeeee",
        "plural": "sheeeees",
        "properties": {
            "id": {
                "defaultVal": "",
                "propertyName": "id",
                "regExp": "",
                "maxLength": 0,
                "displayInView": true,
                "system": true,
                "isArray": false,
                "index": true,
                "label": "id",
                "minLength": 0,
                "type": "string",
                "id": true,
                "description": "",
                "required": false
            },
            "dddd": {
                "defaultVal": false,
                "propertyName": "dddd",
                "useDefaultValCheck": false,
                "displayInView": true,
                "isArray": false,
                "index": false,
                "label": "dddd",
                "type": "boolean",
                "id": false,
                "createdAt": 1600082245325,
                "description": "",
                "proptype": "user_defined",
                "createdBy": "bhagyshree@bitpod.io",
                "required": false
            },
            "orgId": {
                "defaultVal": "",
                "propertyName": "orgId",
                "displayInView": true,
                "system": true,
                "label": "orgId",
                "type": "number",
                "id": false,
                "description": "",
                "required": true
            }
        },
        "persistedModel": true,
        "_doctype": "Model",
        "backendId": "Bysk2QU7w",
        "dataSource": "mongoDb",
        "_deleted": false,
        "_createdAt": "2020-09-15T04:53:56.170Z",
        "_modifiedAt": "2020-09-15T04:53:56.170Z",
        "_lv": 0,
        "strict": true,
        "mixins": {
            "TrackChanges": false,
            "TenantMixin": true,
            "Deletemixin": {
                "softDelete": true
            }
        },
        "permissions": {
            "categories": {
                "create": {
                    "roles": [
                        "$orguser"
                    ]
                },
                "update": {
                    "roles": [
                        "$orguser"
                    ]
                },
                "read": {
                    "roles": [
                        "$orguser"
                    ]
                },
                "delete": {
                    "roles": [
                        "$orguser"
                    ]
                }
            }
        },
        "tags": [],
        "disabledAPI": [],
        "_v": 0,
        "relatedTo": [],
        "acls": [
            {
                "property": "*",
                "permission": "ALLOW",
                "principalId": "$authenticated",
                "principalType": "ROLE",
                "accessType": "*"
            }
        ],
        "relations": [
            {
                "A": {
                    "name": "",
                    "modelName": "Organization"
                },
                "B": {
                    "name": "myOrganization",
                    "modelName": "sheeeee"
                },
                "participated_models": [
                    "Organization",
                    "sheeeee"
                ],
                "_lv": 1,
                "foreignKey": "orgId",
                "system": true,
                "backendId": "Bysk2QU7w",
                "deploymentVersion": 16,
                "isForeignKeyAnArray": false,
                "_v": 0,
                "_id": "5f5f4fc7bcbf19000d2e9152",
                "_deleted": false,
                "type": "belongsTo",
                "_modifiedAt": "2020-09-14T11:11:03.161Z",
                "_createdAt": "2020-09-14T11:11:03.161Z",
                "cascadeDelete": true
            }
        ]
    },
    {
        "_id": "B1VDUQkBv",
        "deploymentVersion": 18,
        "name": "testdebug",
        "plural": "testdebugs",
        "properties": {
            "id": {
                "type": "string",
                "required": false,
                "regExp": "",
                "propertyName": "id",
                "minLength": 0,
                "maxLength": 0,
                "system": true,
                "label": "id",
                "isArray": false,
                "index": true,
                "id": true,
                "displayInView": true,
                "description": "",
                "defaultVal": ""
            },
            "orgId": {
                "type": "number",
                "required": true,
                "propertyName": "orgId",
                "system": true,
                "label": "orgId",
                "id": false,
                "displayInView": true,
                "description": "",
                "defaultVal": ""
            }
        },
        "persistedModel": true,
        "_doctype": "Model",
        "backendId": "Bysk2QU7w",
        "dataSource": "mongoDb",
        "_deleted": false,
        "_createdAt": "2020-09-16T05:45:00.383Z",
        "_modifiedAt": "2020-09-16T05:45:00.383Z",
        "_lv": 0,
        "strict": true,
        "mixins": {
            "TenantMixin": true,
            "TrackChanges": false,
            "Deletemixin": {
                "softDelete": true
            }
        },
        "permissions": {
            "categories": {
                "delete": {
                    "roles": [
                        "$orguser"
                    ]
                },
                "read": {
                    "roles": [
                        "$orguser"
                    ]
                },
                "update": {
                    "roles": [
                        "$orguser"
                    ]
                },
                "create": {
                    "roles": [
                        "$orguser"
                    ]
                }
            }
        },
        "tags": [],
        "disabledAPI": [],
        "_v": 1,
        "relatedTo": [],
        "acls": [
            {
                "property": "*",
                "permission": "ALLOW",
                "principalId": "$authenticated",
                "principalType": "ROLE",
                "accessType": "*"
            }
        ]
    },
    {
        "_id": "H1qp9E1rP",
        "deploymentVersion": 20,
        "name": "testegithub",
        "plural": "testegithubs",
        "properties": {
            "id": {
                "type": "string",
                "required": false,
                "regExp": "",
                "propertyName": "id",
                "minLength": 0,
                "maxLength": 0,
                "system": true,
                "label": "id",
                "isArray": false,
                "index": true,
                "id": true,
                "displayInView": true,
                "description": "",
                "defaultVal": ""
            },
            "orgId": {
                "type": "number",
                "required": true,
                "propertyName": "orgId",
                "system": true,
                "label": "orgId",
                "id": false,
                "displayInView": true,
                "description": "",
                "defaultVal": ""
            }
        },
        "persistedModel": true,
        "_doctype": "Model",
        "backendId": "Bysk2QU7w",
        "dataSource": "mongoDb",
        "_deleted": false,
        "_createdAt": "2020-09-16T07:12:02.324Z",
        "_modifiedAt": "2020-09-16T07:12:02.324Z",
        "_lv": 0,
        "strict": true,
        "mixins": {
            "TenantMixin": true,
            "TrackChanges": false,
            "Deletemixin": {
                "softDelete": true
            }
        },
        "permissions": {
            "categories": {
                "delete": {
                    "roles": [
                        "$orguser"
                    ]
                },
                "read": {
                    "roles": [
                        "$orguser"
                    ]
                },
                "update": {
                    "roles": [
                        "$orguser"
                    ]
                },
                "create": {
                    "roles": [
                        "$orguser"
                    ]
                }
            }
        },
        "tags": [],
        "disabledAPI": [],
        "_v": 1,
        "relatedTo": [],
        "acls": [
            {
                "property": "*",
                "permission": "ALLOW",
                "principalId": "$authenticated",
                "principalType": "ROLE",
                "accessType": "*"
            }
        ]
    },
    {
        "_id": "SytSAOkHD",
        "deploymentVersion": 21,
        "name": "test",
        "plural": "tests",
        "properties": {
            "id": {
                "type": "string",
                "required": false,
                "regExp": "",
                "propertyName": "id",
                "minLength": 0,
                "maxLength": 0,
                "system": true,
                "label": "id",
                "isArray": false,
                "index": true,
                "id": true,
                "displayInView": true,
                "description": "",
                "defaultVal": ""
            },
            "orgId": {
                "type": "number",
                "required": true,
                "propertyName": "orgId",
                "system": true,
                "label": "orgId",
                "id": false,
                "displayInView": true,
                "description": "",
                "defaultVal": ""
            }
        },
        "persistedModel": true,
        "_doctype": "Model",
        "backendId": "Bysk2QU7w",
        "dataSource": "mongoDb",
        "_deleted": false,
        "_createdAt": "2020-09-16T12:00:00.724Z",
        "_modifiedAt": "2020-09-16T12:00:00.724Z",
        "_lv": 0,
        "strict": true,
        "mixins": {
            "TenantMixin": true,
            "TrackChanges": false,
            "Deletemixin": {
                "softDelete": true
            }
        },
        "permissions": {
            "categories": {
                "delete": {
                    "roles": [
                        "$orguser"
                    ]
                },
                "read": {
                    "roles": [
                        "$orguser"
                    ]
                },
                "update": {
                    "roles": [
                        "$orguser"
                    ]
                },
                "create": {
                    "roles": [
                        "$orguser"
                    ]
                }
            }
        },
        "tags": [],
        "disabledAPI": [],
        "_v": 1,
        "relatedTo": [],
        "acls": [
            {
                "property": "*",
                "permission": "ALLOW",
                "principalId": "$authenticated",
                "principalType": "ROLE",
                "accessType": "*"
            }
        ]
    },
    {
        "_id": "S1pu69JHP",
        "deploymentVersion": 22,
        "name": "testonew",
        "plural": "testonews",
        "properties": {
            "id": {
                "type": "string",
                "required": false,
                "regExp": "",
                "propertyName": "id",
                "minLength": 0,
                "maxLength": 0,
                "system": true,
                "label": "id",
                "isArray": false,
                "index": true,
                "id": true,
                "displayInView": true,
                "description": "",
                "defaultVal": ""
            },
            "orgId": {
                "type": "number",
                "required": true,
                "propertyName": "orgId",
                "system": true,
                "label": "orgId",
                "id": false,
                "displayInView": true,
                "description": "",
                "defaultVal": ""
            }
        },
        "persistedModel": true,
        "_doctype": "Model",
        "backendId": "Bysk2QU7w",
        "dataSource": "mongoDb",
        "_deleted": false,
        "_createdAt": "2020-09-16T14:13:08.863Z",
        "_modifiedAt": "2020-09-16T14:13:08.863Z",
        "_lv": 0,
        "strict": true,
        "mixins": {
            "TenantMixin": true,
            "TrackChanges": false,
            "Deletemixin": {
                "softDelete": true
            }
        },
        "permissions": {
            "categories": {
                "delete": {
                    "roles": [
                        "$orguser"
                    ]
                },
                "read": {
                    "roles": [
                        "$orguser"
                    ]
                },
                "update": {
                    "roles": [
                        "$orguser"
                    ]
                },
                "create": {
                    "roles": [
                        "$orguser"
                    ]
                }
            }
        },
        "tags": [],
        "disabledAPI": [],
        "_v": 1,
        "relatedTo": [],
        "acls": [
            {
                "property": "*",
                "permission": "ALLOW",
                "principalId": "$authenticated",
                "principalType": "ROLE",
                "accessType": "*"
            }
        ]
    }
]