[
    {
        "_id": "rkrM1Xc7D",
        "_deleted": false,
        "_createdAt": "2020-08-31T06:56:12.789Z",
        "_modifiedAt": "2020-08-31T06:56:12.789Z",
        "_lv": 0,
        "deploymentVersion": 4,
        "backendId": "Bysk2QU7w",
        "modelId": "department",
        "eventName": "onCreate",
        "workflowType": "PId5f48e0f2edc91fe4fa996fc3",
        "permissions": [],
        "fieldNames": [],
        "_v": 0
    },
    {
        "_id": "S1o2GFDEP",
        "_deleted": false,
        "_createdAt": "2020-09-10T10:40:51.383Z",
        "_modifiedAt": "2020-09-10T10:40:51.383Z",
        "_lv": 0,
        "deploymentVersion": 11,
        "backendId": "Bysk2QU7w",
        "modelId": "Employee",
        "eventName": "onFieldChange",
        "workflowType": "PId5f48e0f2edc91fe4fa996fc3",
        "permissions": [],
        "fieldNames": [
            "vmmmmmm"
        ],
        "_v": 0
    }
]